name,founded_at,age_first_funding_year,age_last_funding_year,funding_rounds,funding_total_usd,milestones,category_code,is_software,is_web,is_mobile,is_enterprise,is_advertising,is_gamesvideo,is_ecommerce,is_biotech,is_consulting,is_othercategory,has_VC,has_angel,has_roundA,has_roundB,has_roundC,has_roundD,status
Bandsintown,1/1/2007,2.2493,3.0027,3,375000,3,music,0,0,0,0,0,0,0,0,0,1,0,1,0,0,0,0,acquired
TriCipher,1/1/2000,5.126,9.9973,4,40100000,1,enterprise,0,0,0,1,0,0,0,0,0,0,1,0,0,1,1,1,acquired
Plixi,3/18/2009,1.0329,1.0329,1,2600000,2,web,0,1,0,0,0,0,0,0,0,0,0,0,1,0,0,0,acquired
Solidcore Systems,1/1/2002,3.1315,5.3151,3,40000000,1,software,1,0,0,0,0,0,0,0,0,0,0,0,0,1,1,1,acquired
Inhale Digital,8/1/2010,0.0,1.6685,2,1300000,1,games_video,0,0,0,0,0,1,0,0,0,0,1,1,0,0,0,0,closed
Matisse Networks,1/1/2002,4.5452,4.5452,1,7500000,1,network_hosting,0,0,0,0,0,0,0,0,0,1,0,0,0,1,0,0,closed
RingCube Technologies,1/1/2005,1.7205,5.211,3,26000000,2,software,1,0,0,0,0,0,0,0,0,0,1,0,1,1,0,0,acquired
ClairMail,1/1/2004,1.6466,6.7616,3,34100000,3,finance,0,0,0,0,0,0,0,0,0,1,0,0,1,1,0,1,acquired
VoodooVox,1/1/2002,3.5863,11.1123,3,9650000,4,mobile,0,0,1,0,0,0,0,0,0,0,1,0,1,0,0,1,acquired
Doostang,6/1/2005,1.6712,4.6849,3,5750000,4,web,0,1,0,0,0,0,0,0,0,0,1,1,1,0,0,0,acquired
Zong,11/15/2000,4.6274,9.4493,3,27500000,3,mobile,0,0,1,0,0,0,0,0,0,0,0,0,1,1,0,0,acquired
Center'd,1/1/2006,1.0849,5.3370000000000015,5,10400000,2,web,0,1,0,0,0,0,0,0,0,0,1,1,1,0,0,0,closed
Resonant Vibes,1/1/2004,4.9041,4.9041,1,350000,0,web,0,1,0,0,0,0,0,0,0,0,1,0,0,0,0,0,closed
drop.io,11/26/2007,0.0192,2.4356,3,9950000,3,education,0,0,0,0,0,0,0,0,0,1,0,0,1,1,1,0,acquired
Stratavia,1/1/2001,4.6658,8.9973,5,10700000,1,software,1,0,0,0,0,0,0,0,0,0,0,0,1,1,0,0,acquired
Invicta Networks,1/1/1999,6.6082,6.6082,1,200000,0,public_relations,0,0,0,0,0,0,0,0,0,1,1,0,0,0,0,0,closed
QSecure,1/1/2003,2.5863,6.7644,5,49000000,1,security,0,0,0,0,0,0,0,0,0,1,1,0,1,1,1,1,closed
MeeVee,7/1/2000,4.5918,7.1726,4,25000000,3,games_video,0,0,0,0,0,1,0,0,0,0,0,0,1,1,1,1,acquired
SinglePlatform,1/1/2010,0.7425,1.5808,3,4575000,3,web,0,1,0,0,0,0,0,0,0,0,0,1,1,0,0,0,acquired
Bling Nation,1/1/2007,2.5014,2.8301,2,28000000,3,enterprise,0,0,0,1,0,0,0,0,0,0,0,0,1,1,0,0,closed
Metreos Corporation,1/1/2001,2.2137,3.7863,2,4355000,3,software,1,0,0,0,0,0,0,0,0,0,0,1,1,0,0,0,acquired
Hidden City Games,1/1/2004,3.8329,3.8329,1,15000000,1,other,0,0,0,0,0,0,0,0,0,1,0,0,0,1,0,0,closed
Neopolitan Networks,1/1/2002,5.4904,5.4904,1,3170000,1,web,0,1,0,0,0,0,0,0,0,0,0,0,1,0,0,0,closed
Pixelpipe,1/1/2008,-1.0,3.3151,2,2300000,3,mobile,0,0,1,0,0,0,0,0,0,0,0,1,1,0,0,0,closed
EventVue,5/1/2007,0.2521,0.337,2,455000,0,public_relations,0,0,0,0,0,0,0,0,0,1,0,1,1,0,0,0,closed
BridgePort Networks,1/1/2002,4.8411,4.8411,1,13000000,1,software,1,0,0,0,0,0,0,0,0,0,0,0,0,0,1,0,acquired
Scalent Systems,1/1/2003,4.0603,4.0603,1,15000000,1,public_relations,0,0,0,0,0,0,0,0,0,1,0,0,0,0,1,0,acquired
IQ Engines,6/1/2008,4.0685,4.0685,1,3800000,3,photo_video,0,0,0,0,0,0,0,0,0,1,0,0,0,1,0,0,acquired
"RetailMeNot, Inc.",5/1/2007,2.5068,4.5315,5,299500000,2,web,0,1,0,0,0,0,0,0,0,0,1,0,1,0,1,0,acquired
Mophie,5/24/2005,1.189,1.189,1,1000000,3,hardware,0,0,0,0,0,0,0,0,0,1,1,0,0,0,0,0,acquired
Airship Ventures,1/1/2007,1.3534,2.1644,2,10500000,1,other,0,0,0,0,0,0,0,0,0,1,0,0,1,1,0,0,closed
Lockdown Networks,1/1/2001,4.1534,5.1671,2,8600000,1,public_relations,0,0,0,0,0,0,0,0,0,1,1,0,0,1,0,0,acquired
eMinor,10/1/2006,-0.1671,2.0192,2,5000000,0,software,1,0,0,0,0,0,0,0,0,0,0,0,1,1,0,0,closed
Karma,1/1/2011,0.0,0.8685,2,2304999,2,mobile,0,0,1,0,0,0,0,0,0,0,1,0,0,0,0,0,acquired
Zipano,6/1/2009,0.0822,0.0822,1,25000,0,security,0,0,0,0,0,0,0,0,0,1,0,1,0,0,0,0,closed
Entertainment Media Works,7/1/2004,2.6575,2.6575,1,4000000,1,software,1,0,0,0,0,0,0,0,0,0,0,0,0,1,0,0,closed
Elastra,1/1/2007,0.6192,1.5945,2,14600000,3,software,1,0,0,0,0,0,0,0,0,0,0,0,1,1,0,0,closed
RPO,1/1/2005,1.063,5.7014,3,44000000,0,hardware,0,0,0,0,0,0,0,0,0,1,0,0,0,1,1,0,closed
Fotomoto,10/1/2008,0.1671,2.6493,3,1822922,3,ecommerce,0,0,0,0,0,0,1,0,0,0,0,1,1,0,0,0,acquired
Peer39,3/1/2006,0.0,5.9041,7,29915001,5,advertising,0,0,0,0,1,0,0,0,0,0,1,1,1,1,1,0,acquired
Vitrue,5/1/2006,0.0,4.8027,4,33000000,5,enterprise,0,0,0,1,0,0,0,0,0,0,0,0,1,1,1,0,acquired
Trendslide,8/1/2011,0.0,0.5836,2,125000,2,mobile,0,0,1,0,0,0,0,0,0,0,0,1,0,0,0,0,acquired
PublicEarth,1/1/2008,0.1041,2.3863,2,4000000,2,travel,0,0,0,0,0,0,0,0,0,1,1,0,1,0,0,0,closed
Azaleos,5/11/2004,3.4904,3.4904,1,10000000,3,enterprise,0,0,0,1,0,0,0,0,0,0,0,0,0,0,1,0,acquired
Efficient Frontier,1/1/2002,4.6658,4.6658,1,6000000,4,advertising,0,0,0,0,1,0,0,0,0,0,0,0,0,0,1,0,acquired
NetDevices,1/1/2003,2.6247,2.6247,1,25000000,0,software,1,0,0,0,0,0,0,0,0,0,0,0,0,1,0,0,acquired
Go Try It On,12/1/2009,0.926,2.9534,3,3750000,3,fashion,0,0,0,0,0,0,0,0,0,1,0,1,1,0,0,0,acquired
Performable,10/17/2009,0.2466,0.2466,1,3000000,2,software,1,0,0,0,0,0,0,0,0,0,0,0,1,0,0,0,acquired
Appstores.com,5/24/2010,0.189,1.189,2,1155000,2,software,1,0,0,0,0,0,0,0,0,0,0,1,0,0,0,0,acquired
Fortify Software,10/1/2002,3.2082,3.2082,1,10000000,2,software,1,0,0,0,0,0,0,0,0,0,0,0,0,0,0,1,acquired
iCurrent,1/1/2006,2.5836,2.5836,1,3000000,1,web,0,1,0,0,0,0,0,0,0,0,0,0,1,0,0,0,acquired
AisleBuyer,1/1/2009,1.8932,2.4466,2,11500000,3,mobile,0,0,1,0,0,0,0,0,0,0,0,0,0,0,0,0,acquired
Indeed,11/1/2004,0.7479,0.7479,1,5000000,5,web,0,1,0,0,0,0,0,0,0,0,0,0,1,0,0,0,acquired
Colubris Networks,1/1/2000,5.1863,6.8137,2,29000000,1,public_relations,0,0,0,0,0,0,0,0,0,1,1,0,0,0,0,1,acquired
Mashery,5/1/2006,0.6712,6.2329,6,34700000,4,enterprise,0,0,0,1,0,0,0,0,0,0,1,1,1,1,1,1,acquired
Transparency Software,1/1/2004,1.1863,3.4986,2,12050000,0,software,1,0,0,0,0,0,0,0,0,0,1,0,1,0,0,0,closed
Viewdle,1/1/2006,2.1644,4.7616,3,12000000,2,analytics,0,0,0,0,0,0,0,0,0,1,1,0,1,1,0,0,acquired
Enclarity,2/1/2005,4.1041,4.1041,1,5500000,1,consulting,0,0,0,0,0,0,0,0,1,0,0,0,0,0,1,0,acquired
Virsto Software,7/1/2007,1.989,4.1534,3,24000000,4,software,1,0,0,0,0,0,0,0,0,0,0,0,1,1,0,0,acquired
Handmark,7/1/2000,5.2027,6.189,2,10000000,2,mobile,0,0,1,0,0,0,0,0,0,0,0,0,1,1,0,0,acquired
Viacor,12/1/1999,2.7836,10.9507,3,19009671,1,biotech,0,0,0,0,0,0,0,1,0,0,0,0,0,1,0,0,closed
Carbonetworks,1/1/2005,3.4986,3.4986,1,5000000,1,cleantech,0,0,0,0,0,0,0,0,0,1,0,0,1,0,0,0,closed
SchemaLogic,1/1/2001,4.0466,9.3041,5,18914576,1,enterprise,0,0,0,1,0,0,0,0,0,0,1,0,0,0,1,0,acquired
Skyway Software,1/1/2001,6.3726,6.3726,1,4000000,0,software,1,0,0,0,0,0,0,0,0,0,1,0,0,0,0,0,closed
CardStar,12/1/2008,1.3259999999999998,2.7836,3,2030882,2,software,1,0,0,0,0,0,0,0,0,0,0,0,1,0,0,0,acquired
Makani Power,1/1/2006,2.6438,2.6438,1,5000000,2,cleantech,0,0,0,0,0,0,0,0,0,1,0,0,0,1,0,0,acquired
Myrio,12/1/1999,1.0877,1.0877,1,20500000,0,software,1,0,0,0,0,0,0,0,0,0,1,0,0,0,0,0,closed
Intela,2/2/2006,3.9616,6.5205,2,13250000,4,advertising,0,0,0,0,1,0,0,0,0,0,1,0,0,0,0,0,acquired
Sana Security,1/1/2000,7.2548,7.2548,1,12000000,1,security,0,0,0,0,0,0,0,0,0,1,0,0,0,0,0,0,acquired
Sportgenic,9/1/2005,1.3342,3.0247,3,11489687,2,advertising,0,0,0,0,1,0,0,0,0,0,0,1,1,1,0,0,acquired
Lolapps,1/1/2008,0.6795,0.6795,1,4000000,3,web,0,1,0,0,0,0,0,0,0,0,0,0,1,0,0,0,acquired
Behavio,6/12/2012,-0.0301,-0.0301,1,355000,1,software,1,0,0,0,0,0,0,0,0,0,0,1,0,0,0,0,acquired
Infinity Box,1/1/2006,0.0,0.2466,2,118000,3,web,0,1,0,0,0,0,0,0,0,0,0,1,0,0,0,0,acquired
adBrite,1/1/2003,1.6685,9.337,4,40400000,3,advertising,0,0,0,0,1,0,0,0,0,0,0,0,1,1,1,1,acquired
Texert,1/1/2007,1.8055,1.8055,1,3000000,0,software,1,0,0,0,0,0,0,0,0,0,0,0,1,0,0,0,closed
Mendocino Software,1/1/2003,2.6986,4.0027,2,19700000,1,software,1,0,0,0,0,0,0,0,0,0,1,0,0,1,0,0,closed
QuikCycle,1/1/1998,9.1671,9.1973,2,17800000,0,software,1,0,0,0,0,0,0,0,0,0,1,0,0,0,0,0,closed
Instagram,3/1/2010,0.011,2.0986,3,57500000,3,photo_video,0,0,0,0,0,0,0,0,0,1,0,1,1,1,0,0,acquired
Motionbox,1/1/2006,0.6658,3.0384,3,17200000,5,games_video,0,0,0,0,0,1,0,0,0,0,0,0,1,1,1,0,acquired
AccelGolf,8/1/2008,-0.5836,1.3425,7,457282,2,mobile,0,0,1,0,0,0,0,0,0,0,1,1,0,0,0,0,closed
MoPub,9/9/2010,-0.0219,2.0329,4,18500000,3,mobile,0,0,1,0,0,0,0,0,0,0,0,1,1,1,0,0,acquired
DNP Green Technology,1/1/2008,2.0466,2.0466,1,12000000,0,cleantech,0,0,0,0,0,0,0,0,0,1,0,0,1,0,0,0,closed
Abound Solar,1/1/2007,3.5123,3.9562,2,510000000,3,cleantech,0,0,0,0,0,0,0,0,0,1,1,0,0,0,0,0,closed
Trovix,1/1/2002,3.9342,4.6822,2,18250000,1,search,0,0,0,0,0,0,0,0,0,1,0,0,1,1,0,0,acquired
Thumbplay,9/1/2004,2.1616,5.6384,4,41500019,5,music,0,0,0,0,0,0,0,0,0,1,0,0,0,0,1,0,acquired
Plethora Technology,1/1/2000,5.4411,5.4411,1,1000000,0,software,1,0,0,0,0,0,0,0,0,0,0,0,1,0,0,0,closed
DailyStrength,4/1/2006,1.1288,1.1288,1,5000000,2,web,0,1,0,0,0,0,0,0,0,0,0,0,1,0,0,0,acquired
Danotek Motion Technologies,1/1/2001,7.8877,10.6658,3,42700000,1,cleantech,0,0,0,0,0,0,0,0,0,1,1,0,0,1,0,0,closed
Yub,1/1/2013,0.8822,0.8822,1,12000000,0,ecommerce,0,0,0,0,0,0,1,0,0,0,1,0,0,0,0,0,closed
SNAPin Software,1/1/2003,2.526,3.1041,2,22300000,2,software,1,0,0,0,0,0,0,0,0,0,0,0,0,1,1,0,acquired
Azuro,1/1/2002,4.0027,7.8712,2,10000000,1,semiconductor,0,0,0,0,0,0,0,0,0,1,1,0,0,1,0,0,acquired
ARPU,5/1/2005,1.1671,4.6658,3,15564591,0,advertising,0,0,0,0,1,0,0,0,0,0,1,0,0,1,1,0,closed
BookFresh,1/1/2007,2.5726,2.5726,1,500000,2,web,0,1,0,0,0,0,0,0,0,0,0,1,0,0,0,0,acquired
Singly,12/21/2010,0.1151,1.3397,2,8950000,2,analytics,0,0,0,0,0,0,0,0,0,1,0,0,1,0,0,0,acquired
TxVia,1/1/2006,1.7479,4.8192,4,55350000,2,finance,0,0,0,0,0,0,0,0,0,1,0,0,1,1,1,1,acquired
Blue Vector Systems,1/1/2002,3.7233,3.7233,1,4000000,0,public_relations,0,0,0,0,0,0,0,0,0,1,0,0,0,1,0,0,closed
Open Kernel Labs,1/1/2006,1.6986,6.5151,5,10764323,3,software,1,0,0,0,0,0,0,0,0,0,1,0,1,0,0,0,acquired
Elanti Systems,1/1/2007,1.4082,1.4082,1,5500000,1,software,1,0,0,0,0,0,0,0,0,0,1,0,0,0,0,0,closed
Astrid,1/1/2008,4.2849,4.2849,1,400000,2,social,0,0,0,0,0,0,0,0,0,1,0,1,0,0,0,0,acquired
Nordic Windpower,1/1/2007,0.7507,3.0137,3,54000000,0,cleantech,0,0,0,0,0,0,0,0,0,1,1,0,0,0,1,0,closed
Visiprise,1/1/1985,20.8055,20.8055,1,32000000,0,software,1,0,0,0,0,0,0,0,0,0,0,0,0,1,0,0,closed
Hubspan,1/1/2000,5.789,5.789,1,13000000,0,software,1,0,0,0,0,0,0,0,0,0,0,0,0,0,0,1,acquired
iConclude,1/1/2005,0.0849,1.2712,3,12500000,0,software,1,0,0,0,0,0,0,0,0,0,1,0,1,1,0,0,acquired
41st Parameter,1/1/2004,2.3507,8.2822,4,38064570,2,security,0,0,0,0,0,0,0,0,0,1,1,0,0,1,1,1,acquired
Aardvark,7/1/2007,-0.4959,1.2548,2,6000000,2,web,0,1,0,0,0,0,0,0,0,0,0,1,1,0,0,0,acquired
Hotelicopter,6/1/2006,2.4658,4.8329,2,5000000,6,web,0,1,0,0,0,0,0,0,0,0,0,0,1,1,0,0,closed
Anystream,1/1/2000,0.0,7.1068,3,59000000,3,software,1,0,0,0,0,0,0,0,0,0,1,0,0,0,1,0,acquired
CakeStyle,8/1/2011,1.0356,1.0356,1,1000000,2,web,0,1,0,0,0,0,0,0,0,0,0,1,0,0,0,0,closed
Fluther,1/1/2007,2.7233,2.7233,1,600000,3,web,0,1,0,0,0,0,0,0,0,0,0,1,0,0,0,0,acquired
Pocket Communications Northeast,1/1/2006,2.8356,3.1397,2,125000000,2,mobile,0,0,1,0,0,0,0,0,0,0,0,0,1,1,0,0,closed
Goodreads,1/15/2007,0.7945,2.9014,2,2750000,3,web,0,1,0,0,0,0,0,0,0,0,0,1,1,0,0,0,acquired
Woven Systems,1/1/2003,2.9178,4.7342,2,30000000,0,network_hosting,0,0,0,0,0,0,0,0,0,1,0,0,1,1,0,0,acquired
Kolorific,1/1/2003,4.0137,4.0137,1,7000000,0,semiconductor,0,0,0,0,0,0,0,0,0,1,0,0,0,0,1,0,closed
Krugle,1/1/2006,0.411,0.411,1,6100000,2,search,0,0,0,0,0,0,0,0,0,1,0,0,0,1,0,0,acquired
Flud,10/1/2010,0.5315,1.9205,3,2100000,2,enterprise,0,0,0,1,0,0,0,0,0,0,1,1,0,0,0,0,closed
Chomp,9/9/2009,0.1452,0.5014,2,2565000,3,mobile,0,0,1,0,0,0,0,0,0,0,0,1,1,0,0,0,acquired
Origen Therapeutics,1/1/1997,10.7589,10.7589,1,2000000,0,biotech,0,0,0,0,0,0,0,1,0,0,0,0,0,0,0,0,closed
Inlet Technologies,1/1/2003,2.5671,5.6904,3,22400000,1,network_hosting,0,0,0,0,0,0,0,0,0,1,1,0,0,1,1,0,acquired
ShopWiki,6/1/2005,1.0822,1.0822,1,6250000,1,ecommerce,0,0,0,0,0,0,1,0,0,0,0,0,1,0,0,0,acquired
Fondu,2/1/2010,1.7479,1.7479,1,575000,2,web,0,1,0,0,0,0,0,0,0,0,0,1,0,0,0,0,acquired
Loudcaster,8/1/2009,0.0,0.5808,2,53000,1,web,0,1,0,0,0,0,0,0,0,0,0,1,0,0,0,0,closed
TwoFish,1/1/2006,0.9151,2.7753,2,9500000,2,ecommerce,0,0,0,0,0,0,1,0,0,0,0,0,1,1,0,0,acquired
Workstreamer,10/1/2009,-0.7479,0.8192,2,3500000,2,enterprise,0,0,0,1,0,0,0,0,0,0,0,1,1,0,0,0,closed
Qwiki,10/1/2009,0.7726,1.4959,3,10500000,3,photo_video,0,0,0,0,0,0,0,0,0,1,1,0,1,0,0,0,acquired
Redwood Systems,1/1/2008,0.7562,4.4137,4,34250000,2,cleantech,0,0,0,0,0,0,0,0,0,1,1,0,1,1,1,0,acquired
Artisan Pharma,1/1/2006,0.6795,4.5507,5,85381111,0,biotech,0,0,0,0,0,0,0,1,0,0,0,0,1,1,1,0,acquired
Bill Me Later,1/1/2000,6.1671,7.9205,3,100000000,3,web,0,1,0,0,0,0,0,0,0,0,1,0,1,0,0,0,acquired
Bueda,1/4/2009,-1.011,1.4877,2,125000,2,advertising,0,0,0,0,1,0,0,0,0,0,1,1,0,0,0,0,closed
Defywire,1/1/2003,2.3178,4.2356,2,10600000,1,mobile,0,0,1,0,0,0,0,0,0,0,1,0,0,1,0,0,closed
Silicon Clocks,1/1/2004,2.4192,5.4384,3,26100000,1,semiconductor,0,0,0,0,0,0,0,0,0,1,1,0,0,1,0,0,acquired
TheMarkets,1/1/2000,7.5315,7.5315,1,30000000,1,web,0,1,0,0,0,0,0,0,0,0,1,0,0,0,0,0,acquired
Netgamix Inc,9/24/2010,1.0575,1.7699,3,132885,2,games_video,0,0,0,0,0,1,0,0,0,0,0,1,0,0,0,0,closed
Sentrigo,10/1/2006,0.6,4.2247,3,9500000,2,software,1,0,0,0,0,0,0,0,0,0,0,0,1,1,1,0,acquired
Netli,1/1/2000,6.1233,6.1233,1,18000000,1,network_hosting,0,0,0,0,0,0,0,0,0,1,1,0,0,0,0,0,acquired
Define My Style,2/1/2010,1.8329,1.8329,1,690000,1,web,0,1,0,0,0,0,0,0,0,0,0,1,0,0,0,0,closed
Firethorn,1/1/2001,5.1644,6.0055,3,25131611,0,mobile,0,0,1,0,0,0,0,0,0,0,1,0,0,1,0,0,acquired
Wellcore,1/1/2007,3.5288,3.5288,1,2000000,0,hardware,0,0,0,0,0,0,0,0,0,1,0,0,0,0,0,0,closed
Taligen Therapeutics,1/1/2004,1.5836,6.6466,3,78750000,2,biotech,0,0,0,0,0,0,0,1,0,0,0,0,1,1,0,0,acquired
Adap.tv,11/1/2006,0.2521,4.4055,5,48500000,3,advertising,0,0,0,0,1,0,0,0,0,0,1,1,1,1,1,0,acquired
Current Media,1/1/2005,0.5726,0.5726,1,15000000,2,network_hosting,0,0,0,0,0,0,0,0,0,1,0,0,1,0,0,0,closed
ParAccel,1/1/2007,0.9397,5.3178,5,74000000,0,analytics,0,0,0,0,0,0,0,0,0,1,1,0,0,1,1,0,acquired
Arch Rock Corporation,1/1/2005,0.7479,2.3315,2,15000000,1,software,1,0,0,0,0,0,0,0,0,0,0,0,1,1,0,0,acquired
SpiralFrog,1/1/2004,2.0027,3.9178,3,45000000,3,games_video,0,0,0,0,0,1,0,0,0,0,0,0,1,0,0,0,closed
Plusmo,6/1/2006,1.9178,1.9178,1,4410000,1,mobile,0,0,1,0,0,0,0,0,0,0,0,0,1,0,0,0,acquired
ZipList,1/1/2010,0.0,0.8959,2,4500000,2,web,0,1,0,0,0,0,0,0,0,0,0,0,1,1,0,0,acquired
Involver,1/1/2007,1.6712,3.7863,3,11040000,2,software,1,0,0,0,0,0,0,0,0,0,0,0,1,1,1,0,acquired
Lionside,1/1/2009,1.8822,1.8822,1,1600000,2,games_video,0,0,0,0,0,1,0,0,0,0,0,0,1,0,0,0,acquired
Game Trust,1/1/2002,3.4164,3.874,2,9000000,1,software,1,0,0,0,0,0,0,0,0,0,1,0,0,1,0,0,acquired
Nearbuy Systems,4/1/2010,1.3041,2.6493,3,3282327,2,analytics,0,0,0,0,0,0,0,0,0,1,1,0,0,0,0,0,acquired
Visible Path,1/1/2002,4.1644,4.1644,2,24700000,5,web,0,1,0,0,0,0,0,0,0,0,0,0,1,1,0,0,acquired
VT Silicon,1/1/2002,5.6986,6.8877,2,8800000,0,semiconductor,0,0,0,0,0,0,0,0,0,1,1,0,1,0,0,0,closed
GetBack,9/1/2007,1.1836,1.1836,1,1700000,1,web,0,1,0,0,0,0,0,0,0,0,0,0,1,0,0,0,closed
Slipstream,6/1/2010,0.2493,0.2493,1,20000,2,web,0,1,0,0,0,0,0,0,0,0,0,1,0,0,0,0,closed
HipLogic,1/1/2005,3.1041,4.9205,2,11500000,5,mobile,0,0,1,0,0,0,0,0,0,0,0,0,1,1,0,0,acquired
Dilithium Networks,1/1/2001,2.3068,9.4247,7,98170000,3,mobile,0,0,1,0,0,0,0,0,0,0,1,0,0,1,1,1,closed
Yobongo,1/1/2010,1.2219,1.2219,1,1350000,3,web,0,1,0,0,0,0,0,0,0,0,0,1,0,0,0,0,acquired
Brickfish,11/1/2005,4.7068,4.7068,1,940261,2,software,1,0,0,0,0,0,0,0,0,0,0,0,1,0,0,0,acquired
MyEnergy,6/4/2007,1.6658,3.6712,2,4000000,3,web,0,1,0,0,0,0,0,0,0,0,0,1,1,0,0,0,acquired
LikeList,1/1/2008,1.9562,1.9562,1,5000000,1,web,0,1,0,0,0,0,0,0,0,0,0,0,1,0,0,0,closed
Social Collective,4/17/2009,0.0027,0.0027,1,20000,1,web,0,1,0,0,0,0,0,0,0,0,0,1,0,0,0,0,closed
Pure Networks,1/1/2002,4.0301,4.0301,1,12500000,1,network_hosting,0,0,0,0,0,0,0,0,0,1,0,0,0,1,0,0,acquired
Internet Pawn,1/1/2009,1.3397,4.6548,5,7228704,2,finance,0,0,0,0,0,0,0,0,0,1,1,0,1,0,0,0,closed
NeuroTherapeutics Pharma,1/1/2006,4.3836,5.9562,2,55000000,1,biotech,0,0,0,0,0,0,0,1,0,0,1,0,0,1,0,0,closed
Provade,1/1/2004,2.063,6.6137,4,15180000,0,enterprise,0,0,0,1,0,0,0,0,0,0,1,0,1,0,1,0,acquired
Infineta Systems,1/1/2008,2.3479,3.4301,2,30000000,2,software,1,0,0,0,0,0,0,0,0,0,0,0,1,1,0,0,closed
Challenge Games,1/1/2006,2.5233,2.6685,2,14500000,3,network_hosting,0,0,0,0,0,0,0,0,0,1,0,0,1,1,0,0,acquired
Crowd Factory,1/1/2009,2.0685,2.0685,1,6500000,3,advertising,0,0,0,0,1,0,0,0,0,0,1,0,0,0,0,0,acquired
Friendsignia,1/29/2012,0.0,0.0,1,15000,1,web,0,1,0,0,0,0,0,0,0,0,0,1,0,0,0,0,closed
Vizibility,7/1/2009,0.7288,3.6055,5,4705910,3,mobile,0,0,1,0,0,0,0,0,0,0,1,1,0,0,0,0,acquired
OpenFeint,1/1/2008,2.8055,2.8055,1,3000000,2,games_video,0,0,0,0,0,1,0,0,0,0,1,0,0,0,0,0,acquired
Tumblr,2/1/2007,0.7452,4.9178,6,125250000,5,web,0,1,0,0,0,0,0,0,0,0,1,0,1,1,1,1,acquired
Hotlist,1/1/2008,0.3315,4.0027,4,1449998,3,social,0,0,0,0,0,0,0,0,0,1,1,1,0,0,0,0,closed
Crashlytics,2/1/2011,0.6959,1.189,2,6000000,3,mobile,0,0,1,0,0,0,0,0,0,0,0,1,1,0,0,0,acquired
BridgePoint Medical,1/1/2005,2.0603,6.2301,3,28200000,0,medical,0,0,0,0,0,0,0,0,0,1,1,0,0,1,1,0,acquired
Recurve,8/1/2005,3.1479,4.8795,2,14000000,1,software,1,0,0,0,0,0,0,0,0,0,1,0,1,0,0,0,acquired
Conformity,7/1/2007,1.5808,1.5808,1,3000000,2,enterprise,0,0,0,1,0,0,0,0,0,0,0,0,1,0,0,0,closed
Moprise,1/1/2010,1.5151,1.7644,2,2238055,1,enterprise,0,0,0,1,0,0,0,0,0,0,1,1,0,0,0,0,closed
Plizy,9/1/2010,0.7123,2.2849,2,5200000,2,photo_video,0,0,0,0,0,0,0,0,0,1,1,0,1,0,0,0,closed
ShopRunner,1/1/2010,3.6329,3.6329,1,75000000,4,ecommerce,0,0,0,0,0,0,1,0,0,0,1,0,0,0,0,0,acquired
RatePoint,9/1/2006,0.411,3.9699,4,24500000,4,software,1,0,0,0,0,0,0,0,0,0,0,0,1,1,1,0,closed
Digital Performance,1/1/2002,4.9068,8.1014,3,4476171,0,advertising,0,0,0,0,1,0,0,0,0,0,1,0,1,0,0,0,closed
Gowalla,8/28/2007,0.5014,2.4219,3,10400001,3,web,0,1,0,0,0,0,0,0,0,0,0,0,1,1,0,0,acquired
Copan Systems,1/1/2002,4.1836,7.1342,3,68400000,1,network_hosting,0,0,0,0,0,0,0,0,0,1,1,0,0,0,1,1,acquired
Replay Solutions,1/1/2004,2.9288,4.6329,2,15200000,0,software,1,0,0,0,0,0,0,0,0,0,0,0,1,1,0,0,acquired
Turf Geography Club,1/1/2011,0.6192,1.5863,2,890000,0,mobile,0,0,1,0,0,0,0,0,0,0,0,1,0,0,0,0,closed
skyrockit,1/1/2001,10.5315,10.5315,1,2600000,0,mobile,0,0,1,0,0,0,0,0,0,0,1,0,0,0,0,0,closed
Cartavi,1/1/2009,3.8685,3.8685,1,1226270,2,enterprise,0,0,0,1,0,0,0,0,0,0,0,1,0,0,0,0,acquired
Cramster,1/1/2002,6.737,8.2877,2,9000000,1,web,0,1,0,0,0,0,0,0,0,0,0,0,1,1,0,0,acquired
Certify Data Systems,1/1/2004,4.6521,8.1288,4,7210210,1,enterprise,0,0,0,1,0,0,0,0,0,0,1,0,1,1,0,0,acquired
Wheelz,1/1/2011,0.7397,1.1425,2,15700000,1,automotive,0,0,0,0,0,0,0,0,0,1,0,0,1,0,0,0,acquired
CentrePath,1/1/2000,5.6849,6.3151,2,15050000,1,software,1,0,0,0,0,0,0,0,0,0,1,0,0,0,1,0,acquired
VoxPop Network Corporation,8/1/2006,0.7479,2.7507,2,3500000,2,games_video,0,0,0,0,0,1,0,0,0,0,0,0,1,1,0,0,acquired
OpVista,1/1/2000,6.4767,7.3507,2,43000000,1,software,1,0,0,0,0,0,0,0,0,0,0,0,0,0,1,1,closed
Metaweb Technologies,1/1/2005,1.1616,3.0384,2,57000000,2,web,0,1,0,0,0,0,0,0,0,0,0,0,1,1,0,0,acquired
DocVerse,9/1/2007,0.8932,0.8932,1,1300000,4,web,0,1,0,0,0,0,0,0,0,0,0,1,0,0,0,0,acquired
Veoh,1/1/2004,1.4986,4.4247,4,69750000,4,games_video,0,0,0,0,0,1,0,0,0,0,0,0,1,1,1,1,acquired
BzzAgent,1/1/2001,3.0,5.0027,2,14500000,2,advertising,0,0,0,0,1,0,0,0,0,0,0,1,0,1,0,0,acquired
Hammerhead Systems,1/1/2002,4.0849,5.5836,2,48000000,0,hardware,0,0,0,0,0,0,0,0,0,1,0,0,0,0,1,1,closed
ThermalTherapeuticSystems,6/1/2006,3.5041,5.4438,2,3508462,0,medical,0,0,0,0,0,0,0,0,0,1,1,0,1,0,0,0,closed
GuardianEdge Technologies,1/1/2002,3.4301,5.5589,3,19500000,1,software,1,0,0,0,0,0,0,0,0,0,0,0,1,1,0,0,acquired
Gradient X,1/1/2012,0.4685,0.4685,1,3750000,3,mobile,0,0,1,0,0,0,0,0,0,0,0,0,0,0,0,0,acquired
ezzai - how to arabia,8/1/2010,0.0,0.0,1,45000000,0,web,0,1,0,0,0,0,0,0,0,0,0,0,0,0,0,0,closed
rPath,4/1/2005,0.8164,5.5616,4,32500000,3,enterprise,0,0,0,1,0,0,0,0,0,0,0,0,1,1,1,1,closed
Boomi,3/1/2000,1.8384,8.3397,2,4900000,5,enterprise,0,0,0,1,0,0,0,0,0,0,0,1,0,1,0,0,acquired
VoloMedia,1/1/2005,2.2986,3.2110000000000003,2,12000000,3,advertising,0,0,0,0,1,0,0,0,0,0,0,0,0,1,1,0,closed
Flixster,1/20/2006,0.0329,2.2055,3,7175000,6,web,0,1,0,0,0,0,0,0,0,0,0,1,1,1,0,0,acquired
Wesabe,12/1/2005,1.1699,1.4986,2,4700000,4,web,0,1,0,0,0,0,0,0,0,0,0,1,1,0,0,0,closed
OfferLounge,1/1/2008,0.0,0.0,1,120000,0,public_relations,0,0,0,0,0,0,0,0,0,1,0,1,0,0,0,0,closed
NeoEdge Networks,5/2/2002,5.1041,8.6411,3,10000000,2,advertising,0,0,0,0,1,0,0,0,0,0,1,0,0,1,0,0,acquired
SemiSouth Laboratories,7/1/2000,4.9562,10.3151,4,39000000,0,semiconductor,0,0,0,0,0,0,0,0,0,1,1,0,1,0,0,0,closed
Camiant,1/1/2003,2.2411,4.0301,2,16100000,0,software,1,0,0,0,0,0,0,0,0,0,0,0,0,1,1,0,acquired
NuConomy,1/1/2006,1.2466,2.0849,2,3300000,3,advertising,0,0,0,0,1,0,0,0,0,0,0,1,1,0,0,0,acquired
Flowtown,2/1/2009,1.5616,1.5616,1,750000,3,analytics,0,0,0,0,0,0,0,0,0,1,0,1,0,0,0,0,acquired
GlobalCrypto,6/1/2006,2.4493,2.4493,2,1000000,0,software,1,0,0,0,0,0,0,0,0,0,1,1,0,0,0,0,closed
Bioenvision,1/1/1996,11.3342,11.3342,1,7410000,0,biotech,0,0,0,0,0,0,0,1,0,0,1,0,0,0,0,0,closed
Teranetics,1/1/2000,6.8932,10.4082,3,52800000,0,semiconductor,0,0,0,0,0,0,0,0,0,1,1,0,0,0,1,0,acquired
WebVisible,1/1/2001,4.6685,9.1178,3,37000000,4,software,1,0,0,0,0,0,0,0,0,0,0,0,1,1,1,0,closed
GoodGuide,12/1/2007,1.137,3.737,3,14229998,3,web,0,1,0,0,0,0,0,0,0,0,0,0,1,1,0,0,acquired
ViVu,1/1/2009,0.7205,2.4356,2,3000000,2,messaging,0,0,0,0,0,0,0,0,0,1,0,0,1,1,0,0,acquired
avVenta,1/1/2005,4.0384,4.0384,1,20000000,1,advertising,0,0,0,0,1,0,0,0,0,0,0,0,1,0,0,0,acquired
DiJiPOP,11/1/2008,0.7479,2.0959,2,2000000,3,advertising,0,0,0,0,1,0,0,0,0,0,0,1,0,0,0,0,acquired
Layer 7 Technologies,1/1/2003,3.8192,6.0932,2,19900000,2,software,1,0,0,0,0,0,0,0,0,0,1,0,0,1,0,0,acquired
DeliveryEdge,9/1/2006,1.2493,1.2493,1,1500000,1,ecommerce,0,0,0,0,0,0,1,0,0,0,0,0,0,0,0,0,closed
Solmentum,7/1/2009,0.0,0.0,1,325000,1,cleantech,0,0,0,0,0,0,0,0,0,1,0,1,0,0,0,0,closed
Pipewise,9/1/2010,0.463,0.463,1,3500000,2,enterprise,0,0,0,1,0,0,0,0,0,0,0,0,1,0,0,0,closed
GridNetworks,1/1/2004,2.0027,4.3863,4,30000000,2,network_hosting,0,0,0,0,0,0,0,0,0,1,0,1,1,1,0,0,closed
MAP Pharmaceuticals,1/1/2003,4.2384,4.2384,1,50000000,0,biotech,0,0,0,0,0,0,0,1,0,0,0,0,0,0,0,1,acquired
"ORCA, Inc.",1/1/2008,1.4712,1.4712,1,2000000,2,ecommerce,0,0,0,0,0,0,1,0,0,0,0,0,1,0,0,0,acquired
Amobee,5/1/2005,1.5041,5.8356,6,72000000,2,advertising,0,0,0,0,1,0,0,0,0,0,1,0,1,1,1,1,acquired
KOTURA,1/1/2004,1.6849,5.8493,3,27690547,1,cleantech,0,0,0,0,0,0,0,0,0,1,0,0,0,1,1,1,acquired
Auvitek International,3/1/2004,2.189,2.189,1,9000000,0,semiconductor,0,0,0,0,0,0,0,0,0,1,0,0,0,1,0,0,closed
Outright,6/1/2008,0.4192,1.4658,2,7500000,3,enterprise,0,0,0,1,0,0,0,0,0,0,0,0,1,0,0,0,acquired
Phurnace Software,1/1/2007,0.6932,1.4986,2,10000000,1,software,1,0,0,0,0,0,0,0,0,0,0,0,1,0,0,0,acquired
FastSoft,1/1/2006,1.4411,6.6795,4,5965000,1,software,1,0,0,0,0,0,0,0,0,0,1,0,1,0,0,0,acquired
GrandCentral,4/1/2006,-0.2466,-0.2466,1,4000000,4,mobile,0,0,1,0,0,0,0,0,0,0,0,0,1,0,0,0,acquired
Speedshape,1/1/2003,5.1397,5.1397,1,5000000,1,advertising,0,0,0,0,1,0,0,0,0,0,1,0,0,0,0,0,closed
BlueLithium,1/1/2004,1.0877,1.0877,1,11500000,2,advertising,0,0,0,0,1,0,0,0,0,0,0,0,1,0,0,0,acquired
Media Chaperone,1/1/2009,1.0356,2.1479,2,1050000,1,web,0,1,0,0,0,0,0,0,0,0,1,0,0,0,0,0,closed
Giant Realm,1/1/2007,1.1644,1.3507,2,5500000,2,web,0,1,0,0,0,0,0,0,0,0,0,0,1,0,0,0,acquired
Invite Media,2/1/2007,0.8301,2.8329,3,5000000,4,advertising,0,0,0,0,1,0,0,0,0,0,0,1,1,0,0,0,acquired
UpMo,1/1/2011,-1.0521,0.6247,2,3700000,3,enterprise,0,0,0,1,0,0,0,0,0,0,1,0,0,0,0,0,closed
Appscio,1/1/2006,1.2137,3.0082,2,7000000,0,software,1,0,0,0,0,0,0,0,0,0,0,0,1,0,0,0,closed
Eons,1/1/2005,1.2466,2.1616,2,32000000,4,network_hosting,0,0,0,0,0,0,0,0,0,1,0,0,1,1,0,0,closed
LocaModa,1/1/2007,0.7123,4.2301,3,7900000,2,advertising,0,0,0,0,1,0,0,0,0,0,0,0,1,0,0,0,acquired
Meraki,4/1/2006,0.6685,6.2795,5,80000000,3,network_hosting,0,0,0,0,0,0,0,0,0,1,0,1,1,1,1,1,acquired
MPOWER Mobile,1/1/2005,4.8247,4.8247,1,5000000,1,mobile,0,0,1,0,0,0,0,0,0,0,1,0,0,0,0,0,closed
Haute Secure,1/1/2006,1.0,3.1863,2,2100000,3,security,0,0,0,0,0,0,0,0,0,1,0,1,1,0,0,0,acquired
Intelliworks,12/1/2004,0.2055,4.3973,4,22250000,1,enterprise,0,0,0,1,0,0,0,0,0,0,0,0,1,1,1,1,acquired
Meridian,3/1/2011,0.5397,1.5014,2,1975000,2,enterprise,0,0,0,1,0,0,0,0,0,0,1,1,0,0,0,0,acquired
Kluster,1/1/2008,0.0,0.0,1,1000000,2,web,0,1,0,0,0,0,0,0,0,0,0,1,0,0,0,0,acquired
International Battery,1/1/2008,2.3452,2.3452,1,35000000,0,cleantech,0,0,0,0,0,0,0,0,0,1,0,0,0,0,1,0,closed
Jingle Networks,9/1/2005,0.0822,4.3260000000000005,7,88651133,5,mobile,0,0,1,0,0,0,0,0,0,0,1,1,1,1,1,1,acquired
SemEquip,1/1/2000,5.5945,5.5945,1,26000000,0,semiconductor,0,0,0,0,0,0,0,0,0,1,1,0,0,0,0,0,acquired
ItsGoinOn,5/1/2010,0.6712,0.6712,1,100000,2,games_video,0,0,0,0,0,1,0,0,0,0,0,1,0,0,0,0,closed
mSnap,6/1/2005,1.0,1.0,1,5000000,3,mobile,0,0,1,0,0,0,0,0,0,0,0,0,1,0,0,0,acquired
Biofisica,1/1/2000,6.8356,8.3096,2,7300000,0,biotech,0,0,0,0,0,0,0,1,0,0,1,0,1,0,0,0,closed
Ardian,1/1/2003,2.0027,6.2274,3,64080000,2,biotech,0,0,0,0,0,0,0,1,0,0,0,0,1,1,1,0,acquired
Tracelytics,7/1/2010,1.3425,1.726,2,5800000,2,enterprise,0,0,0,1,0,0,0,0,0,0,0,1,1,0,0,0,acquired
Canopy Financial,1/1/2004,4.0027,5.7534,4,89500000,2,finance,0,0,0,0,0,0,0,0,0,1,0,0,0,1,1,0,closed
Kyte,12/1/2006,0.5808,5.2521,4,23350000,2,games_video,0,0,0,0,0,1,0,0,0,0,0,1,1,1,0,0,acquired
Ounce Labs,10/1/2002,3.6877,5.9644,2,13500000,0,software,1,0,0,0,0,0,0,0,0,0,1,0,0,0,1,0,acquired
Crossbeam Systems,1/1/2000,7.3534,8.126,2,24500000,2,security,0,0,0,0,0,0,0,0,0,1,0,0,0,0,0,0,acquired
PacketHop,1/1/2002,3.6027,3.6027,1,10000000,1,public_relations,0,0,0,0,0,0,0,0,0,1,0,0,0,0,1,0,closed
Inaura,1/1/2007,-1.9863,-1.9863,1,8500000,0,other,0,0,0,0,0,0,0,0,0,1,1,0,0,0,0,0,closed
DynaPump,1/1/1992,16.4192,16.4192,1,6000000,0,cleantech,0,0,0,0,0,0,0,0,0,1,0,0,0,1,0,0,closed
Immunet Corporation,7/1/2008,1.337,1.337,1,2000000,1,software,1,0,0,0,0,0,0,0,0,0,0,0,1,0,0,0,acquired
CopperEgg Corporation,6/1/2010,1.1123,1.937,2,4100000,2,enterprise,0,0,0,1,0,0,0,0,0,0,0,0,1,0,0,0,acquired
Wink,8/19/2004,0.3699,0.3699,1,6200000,4,search,0,0,0,0,0,0,0,0,0,1,0,0,1,0,0,0,acquired
PopularMedia,1/1/2003,4.0877,5.5753,2,12250000,1,advertising,0,0,0,0,1,0,0,0,0,0,0,0,0,1,1,0,acquired
Miyowa,4/14/2003,3.3945,5.0712,2,11725600,2,mobile,0,0,1,0,0,0,0,0,0,0,0,0,1,1,0,0,acquired
Intrusic,1/1/2001,4.3151,5.8301,2,16000000,0,software,1,0,0,0,0,0,0,0,0,0,0,0,1,1,0,0,closed
Dashwire,8/11/2006,2.4767,4.3836,3,5056559,2,mobile,0,0,1,0,0,0,0,0,0,0,1,0,1,0,0,0,acquired
Reddit,1/1/2005,0.4137,0.4137,1,100000,3,web,0,1,0,0,0,0,0,0,0,0,0,1,0,0,0,0,acquired
Pure Digital Technologies,9/1/2001,2.3342,6.9671,3,68200000,3,hardware,0,0,0,0,0,0,0,0,0,1,1,1,0,0,0,0,acquired
Voxify,1/1/2001,4.0877,9.3068,3,33000000,1,enterprise,0,0,0,1,0,0,0,0,0,0,1,0,0,1,0,1,acquired
EvoApp,1/1/2009,1.7863,3.3014,3,3352194,2,analytics,0,0,0,0,0,0,0,0,0,1,0,1,1,0,0,0,closed
Visual Revenue,3/1/2010,1.4082,1.9068,2,2212000,2,analytics,0,0,0,0,0,0,0,0,0,1,0,1,1,0,0,0,acquired
Calibra Medical,1/1/2004,5.9014,7.2904,4,19800000,0,biotech,0,0,0,0,0,0,0,1,0,0,1,0,0,0,0,1,acquired
Offermatic,2/1/2010,0.8301,1.0986,2,4500000,2,web,0,1,0,0,0,0,0,0,0,0,0,1,1,0,0,0,closed
HiWired,1/1/2004,4.0027,4.0055,2,14000000,1,software,1,0,0,0,0,0,0,0,0,0,1,0,0,1,0,0,acquired
DateMyFamily.com,11/11/2011,0.0548,0.0548,1,100000,2,social,0,0,0,0,0,0,0,0,0,1,0,1,0,0,0,0,closed
Hyperic,1/1/2004,2.3562,3.4274,2,9900000,2,software,1,0,0,0,0,0,0,0,0,0,0,0,1,1,0,0,acquired
Optimal,1/1/2008,0.0,5.063,3,7600000,2,advertising,0,0,0,0,1,0,0,0,0,0,0,0,1,1,0,0,acquired
SendMeHome.com,7/1/2008,0.0,0.0,1,50000,1,games_video,0,0,0,0,0,1,0,0,0,0,0,1,0,0,0,0,closed
Q-magic,2/1/2007,-0.0849,-0.0849,1,650000,0,public_relations,0,0,0,0,0,0,0,0,0,1,0,1,0,0,0,0,closed
Geodelic Systems,1/1/2008,0.9178,2.7288,3,10500000,3,mobile,0,0,1,0,0,0,0,0,0,0,1,0,1,1,0,0,closed
BlockBeacon,1/1/2012,0.4712,0.4712,1,500000,2,web,0,1,0,0,0,0,0,0,0,0,0,1,0,0,0,0,acquired
PostPath,1/1/2003,1.9342,4.0438,2,24300000,3,web,0,1,0,0,0,0,0,0,0,0,0,0,0,1,1,0,acquired
Attune Systems,1/1/1999,7.4904,7.874,2,18000000,1,hardware,0,0,0,0,0,0,0,0,0,1,1,0,0,1,0,0,closed
TokBox,5/1/2007,0.6548,3.5452,3,26000000,5,messaging,0,0,0,0,0,0,0,0,0,1,0,0,1,1,1,0,acquired
Avega Systems,1/1/2005,2.2466,5.0356,2,9500000,0,hardware,0,0,0,0,0,0,0,0,0,1,1,0,0,1,0,0,closed
Heartscape,1/1/2000,7.3151,7.3151,1,16980999,1,biotech,0,0,0,0,0,0,0,1,0,0,0,0,0,1,0,0,acquired
PeerMe,1/1/2004,1.0027,1.0027,1,5000000,2,games_video,0,0,0,0,0,1,0,0,0,0,0,0,1,0,0,0,closed
Pacinian,4/1/2007,1.6712,1.6712,1,350000,0,hardware,0,0,0,0,0,0,0,0,0,1,1,0,0,0,0,0,closed
neoSaej,1/1/2006,1.2384,4.9726,5,13130000,1,web,0,1,0,0,0,0,0,0,0,0,1,0,1,0,0,0,closed
Kiha Software,1/1/2008,2.8247,2.8247,1,20000000,2,software,1,0,0,0,0,0,0,0,0,0,0,0,1,0,0,0,closed
Vlingo,6/1/2006,0.5014,3.2959,3,26500000,4,mobile,0,0,1,0,0,0,0,0,0,0,1,0,1,1,0,0,acquired
Tizor Systems,1/1/2002,3.6986,4.1041,2,15000000,0,enterprise,0,0,0,1,0,0,0,0,0,0,0,0,0,1,0,0,acquired
Cerona Networks,1/1/2002,4.3041,4.3041,1,2600000,0,public_relations,0,0,0,0,0,0,0,0,0,1,0,0,1,0,0,0,closed
Oorja Protonics,1/1/2004,2.3973,6.0329,4,21470000,0,cleantech,0,0,0,0,0,0,0,0,0,1,0,0,1,1,0,0,closed
Hurricane Party,5/1/2010,0.0,0.0,1,20000,2,mobile,0,0,1,0,0,0,0,0,0,0,0,1,0,0,0,0,closed
Minekey,1/1/2005,1.9151,2.5808,2,3600000,3,web,0,1,0,0,0,0,0,0,0,0,0,1,1,0,0,0,closed
Blip,5/1/2005,0.8329,7.2521,7,27300000,4,games_video,0,0,0,0,0,1,0,0,0,0,0,1,1,1,1,1,acquired
Fabkids,1/1/2012,0.5863,0.5863,1,2600000,1,ecommerce,0,0,0,0,0,0,1,0,0,0,0,0,1,0,0,0,acquired
CafeBots,1/1/2010,0.8027,0.8027,1,5000000,2,web,0,1,0,0,0,0,0,0,0,0,0,0,1,0,0,0,closed
Avaak,1/1/2004,4.7589,6.2247,2,17000000,2,mobile,0,0,1,0,0,0,0,0,0,0,0,0,1,1,0,0,acquired
Newfield Design,1/1/2008,4.3699,4.3699,1,662000,0,manufacturing,0,0,0,0,0,0,0,0,0,1,0,0,1,0,0,0,closed
Savored,1/1/2010,0.0,1.0247,2,3750000,2,hospitality,0,0,0,0,0,0,0,0,0,1,0,1,1,0,0,0,acquired
Digg,10/11/2004,0.9726,6.7534,4,45000000,8,news,0,0,0,0,0,0,0,0,0,1,0,0,1,1,1,1,acquired
Songza,11/1/2007,3.8849,5.863,2,6700000,4,music,0,0,0,0,0,0,0,0,0,1,1,0,0,0,0,0,acquired
Bigfoot Networks,1/1/2006,0.1753,3.8795,3,20750000,2,hardware,0,0,0,0,0,0,0,0,0,1,1,0,1,1,0,0,acquired
Kongregate,1/1/2006,1.1616,7.5041,4,19000000,0,games_video,0,0,0,0,0,1,0,0,0,0,0,0,1,1,1,0,acquired
Powerset,10/1/2006,-0.4192,0.6658,3,22500000,0,search,0,0,0,0,0,0,0,0,0,1,1,0,1,0,0,0,acquired
Kiptronic,5/1/2005,0.5041,3.0986,3,7300000,3,advertising,0,0,0,0,1,0,0,0,0,0,0,1,1,1,0,0,acquired
Cozi Group,3/3/2005,0.7479,7.8247,7,26390819,3,web,0,1,0,0,0,0,0,0,0,0,1,0,1,1,0,0,closed
Likewise Software,11/1/2004,4.4959,4.4959,1,10000000,0,software,1,0,0,0,0,0,0,0,0,0,0,0,0,0,1,0,acquired
Lifestander,9/1/2010,0.0849,0.0849,1,31000,1,web,0,1,0,0,0,0,0,0,0,0,0,1,0,0,0,0,closed
Jaxtr,10/1/2005,1.7479,2.7288,3,21500000,4,mobile,0,0,1,0,0,0,0,0,0,0,0,0,1,1,0,0,acquired
MX Logic,1/1/2002,4.8521,4.8521,1,4000000,1,security,0,0,0,0,0,0,0,0,0,1,0,0,0,0,0,0,acquired
Metaplace,7/1/2006,0.5041,3.7068,3,9400000,4,games_video,0,0,0,0,0,1,0,0,0,0,1,0,1,1,0,0,acquired
TravelMuse,4/16/2007,0.0411,2.1288,3,5600000,4,web,0,1,0,0,0,0,0,0,0,0,0,0,1,1,0,0,acquired
Jambool,8/1/2006,2.0027,3.0466,2,6000000,2,finance,0,0,0,0,0,0,0,0,0,1,0,0,1,1,0,0,acquired
Zipcar,10/31/2000,2.137,10.1288,4,60704370,3,transportation,0,0,0,0,0,0,0,0,0,1,1,0,0,1,0,1,acquired
Hitpost,4/1/2009,0.7534,3.0712,3,2000000,2,sports,0,0,0,0,0,0,0,0,0,1,0,1,0,0,0,0,acquired
Home-Account,11/1/2008,0.4548,0.7041,2,1000000,3,finance,0,0,0,0,0,0,0,0,0,1,1,0,1,0,0,0,acquired
PayParade Pictures,10/17/2007,1.126,1.4055,2,200000,2,games_video,0,0,0,0,0,1,0,0,0,0,0,1,1,0,0,0,closed
Planet Metrics,1/1/2007,1.8658,1.8658,1,2300000,2,cleantech,0,0,0,0,0,0,0,0,0,1,0,0,1,0,0,0,closed
kwiry,1/1/2006,2.2164,2.2164,1,1000000,4,mobile,0,0,1,0,0,0,0,0,0,0,0,0,1,0,0,0,closed
imeem,11/1/2003,0.8356,5.7534,5,24750000,3,music,0,0,0,0,0,0,0,0,0,1,1,1,1,1,0,0,acquired
Amadesa,5/15/2005,2.5534,6.3945,2,12800000,1,software,1,0,0,0,0,0,0,0,0,0,0,0,1,1,0,0,closed
Cast Iron Systems,1/1/2001,4.2384,6.5753,2,30500000,1,enterprise,0,0,0,1,0,0,0,0,0,0,0,0,0,0,0,1,acquired
Aptera,1/1/2003,5.5671,8.5342,3,36300000,2,automotive,0,0,0,0,0,0,0,0,0,1,1,0,0,0,1,0,closed
RentJuice,1/1/2008,2.1726,3.0849,3,6693782,3,real_estate,0,0,0,0,0,0,0,0,0,1,1,0,0,0,0,0,acquired
Verari Systems,1/1/1996,11.4329,11.4329,1,20000000,0,hardware,0,0,0,0,0,0,0,0,0,1,0,0,0,0,1,0,closed
Parascale,1/1/2005,3.4767,3.4767,1,11370000,3,network_hosting,0,0,0,0,0,0,0,0,0,1,0,0,1,0,0,0,acquired
Geni,6/1/2006,0.5863,2.6384,3,16500000,4,web,0,1,0,0,0,0,0,0,0,0,0,0,1,1,1,0,acquired
Zentact,9/1/2008,0.0,0.0,1,250000,1,network_hosting,0,0,0,0,0,0,0,0,0,1,0,1,0,0,0,0,closed
Outside.in,8/1/2006,0.5041,3.3562,5,14400000,5,web,0,1,0,0,0,0,0,0,0,0,0,1,1,1,0,0,acquired
Salesforce Buddy Media,9/1/2007,0.0,3.9562,5,90000000,3,enterprise,0,0,0,1,0,0,0,0,0,0,1,0,1,1,1,1,acquired
Vizu Corporation,2/14/2005,1.0164,7.1534,4,13075000,2,advertising,0,0,0,0,1,0,0,0,0,0,0,0,1,1,0,0,acquired
Zing Systems,6/1/2007,-0.4986,-0.4137,2,26000000,4,games_video,0,0,0,0,0,1,0,0,0,0,0,0,1,0,1,0,acquired
DynamicOps,1/1/2008,3.1616,3.6904,2,16300000,2,enterprise,0,0,0,1,0,0,0,0,0,0,0,0,0,1,0,0,acquired
Movero Technology,1/1/2003,4.4521,7.2274,2,5992316,1,enterprise,0,0,0,1,0,0,0,0,0,0,1,0,1,0,0,0,acquired
Elevation Pharmaceuticals,1/1/2007,3.0575,5.011,4,89400001,0,biotech,0,0,0,0,0,0,0,1,0,0,1,0,1,1,0,0,acquired
Punch Entertainment,5/10/2005,0.8027,0.8027,1,1200000,1,software,1,0,0,0,0,0,0,0,0,0,0,0,1,0,0,0,closed
Stickybits,1/1/2009,1.1836,1.3781,2,1900000,2,web,0,1,0,0,0,0,0,0,0,0,0,1,1,0,0,0,closed
Ecast,1/1/1999,9.3534,12.4055,3,30300000,2,games_video,0,0,0,0,0,1,0,0,0,0,1,0,0,0,0,1,closed
lifeIO,8/29/2006,2.0027,2.0027,1,500000,0,web,0,1,0,0,0,0,0,0,0,0,0,1,0,0,0,0,closed
EdgeCast Networks,8/1/2006,0.0,6.9671,5,74000000,2,network_hosting,0,0,0,0,0,0,0,0,0,1,0,1,1,1,1,1,acquired
Sirific Wireless,1/1/2000,7.1205,7.1205,1,18800000,0,semiconductor,0,0,0,0,0,0,0,0,0,1,0,0,0,0,1,0,acquired
Revetto,1/1/2009,0.3288,0.3288,1,20000,1,web,0,1,0,0,0,0,0,0,0,0,0,1,0,0,0,0,closed
ZoomSafer,1/1/2009,0.1616,2.1781,4,3350000,2,mobile,0,0,1,0,0,0,0,0,0,0,0,1,1,1,0,0,acquired
AkaRx,1/1/2005,5.0192,5.0192,1,26100000,0,biotech,0,0,0,0,0,0,0,1,0,0,1,0,0,0,0,0,acquired
Lama Lab,1/1/2009,1.411,2.5151,2,1213066,0,enterprise,0,0,0,1,0,0,0,0,0,0,1,0,0,0,0,0,closed
Buysight,1/1/2008,0.8438,4.2219,3,24030000,3,advertising,0,0,0,0,1,0,0,0,0,0,0,0,1,1,0,0,acquired
TripIt,10/1/2006,0.4986,3.4247,3,13100000,5,travel,0,0,0,0,0,0,0,0,0,1,0,1,0,1,1,0,acquired
Pinch Media,4/1/2008,0.0822,1.7671,3,560001,5,software,1,0,0,0,0,0,0,0,0,0,1,1,0,0,0,0,acquired
Enstratius,1/1/2009,2.8493,2.8493,1,3500000,3,enterprise,0,0,0,1,0,0,0,0,0,0,0,0,1,0,0,0,acquired
Jumptap,1/1/2005,0.1616,7.5041,7,121500000,3,mobile,0,0,1,0,0,0,0,0,0,0,1,0,1,1,1,1,acquired
WiChorus,1/1/2005,0.9726,3.8438,4,42500000,1,mobile,0,0,1,0,0,0,0,0,0,0,1,0,1,1,1,0,acquired
Hatteras Networks,1/1/2000,5.4384,6.4192,2,36000000,1,software,1,0,0,0,0,0,0,0,0,0,1,0,0,0,0,1,acquired
Focus,8/1/2005,2.5973,2.5973,1,12170000,2,enterprise,0,0,0,1,0,0,0,0,0,0,0,0,0,0,1,0,closed
easy2comply (Dynasec),1/1/2002,5.7534,5.7534,1,1000000,2,software,1,0,0,0,0,0,0,0,0,0,0,0,1,0,0,0,acquired
Socialize,7/1/2008,3.337,3.937,3,1820000,4,mobile,0,0,1,0,0,0,0,0,0,0,0,1,0,0,0,0,acquired
Clearwire,10/1/2003,4.6,9.4164,4,5700000000,2,mobile,0,0,1,0,0,0,0,0,0,0,0,0,0,0,0,0,acquired
CREDANT Technologies,1/1/2001,6.9699,6.9699,1,5000000,2,security,0,0,0,0,0,0,0,0,0,1,0,0,0,0,1,0,acquired
Exclusively.in,1/1/2010,0.8384,1.4055,2,18800000,1,fashion,0,0,0,0,0,0,0,0,0,1,0,0,1,1,0,0,acquired
Avidia,1/1/2003,2.3452,3.3534,2,72300000,0,advertising,0,0,0,0,1,0,0,0,0,0,0,0,0,1,1,0,acquired
PayDivvy,3/6/2009,-0.1369999999999999,3.1452,3,1310000,4,social,0,0,0,0,0,0,0,0,0,1,0,1,0,0,0,0,acquired
Octavian,1/1/2003,2.4164,4.7753,2,15000000,1,software,1,0,0,0,0,0,0,0,0,0,0,0,1,1,0,0,closed
KickApps,3/1/2004,2.2521,4.7397,3,39007789,5,enterprise,0,0,0,1,0,0,0,0,0,0,0,0,1,1,1,0,acquired
Airwide Solutions,1/1/2004,2.0685,2.0685,1,25000000,1,software,1,0,0,0,0,0,0,0,0,0,0,0,0,0,0,1,acquired
Localocracy,1/1/2009,0.3288,2.0932,3,172500,2,web,0,1,0,0,0,0,0,0,0,0,0,1,0,0,0,0,acquired
Pixable,3/12/2009,1.6658,2.1123,2,6100000,2,social,0,0,0,0,0,0,0,0,0,1,0,0,1,1,0,0,acquired
mFoundry,1/1/2004,2.2192,7.9315,3,40300000,5,mobile,0,0,1,0,0,0,0,0,0,0,1,0,0,1,1,0,acquired
Bevvy,1/8/2011,0.3616,0.3616,1,100000,3,ecommerce,0,0,0,0,0,0,1,0,0,0,0,1,0,0,0,0,closed
Livemocha,9/1/2007,0.3342,5.4904,5,19389998,2,education,0,0,0,0,0,0,0,0,0,1,1,0,1,1,1,0,acquired
IronPort Systems,1/1/2000,2.4822,4.8192,2,61500000,3,hardware,0,0,0,0,0,0,0,0,0,1,0,0,0,1,0,1,acquired
Crowdcast,1/1/2007,3.4411,3.4411,1,6000000,2,software,1,0,0,0,0,0,0,0,0,0,0,0,1,0,0,0,acquired
Where,1/1/2004,-0.0027,5.0055,4,19100000,6,mobile,0,0,1,0,0,0,0,0,0,0,0,0,1,1,1,0,acquired
Pictela,10/17/2008,0.2219,2.0548,4,3499997,3,advertising,0,0,0,0,1,0,0,0,0,0,1,0,1,0,0,0,acquired
Grouply,3/1/2006,1.2521,1.874,3,2600000,2,network_hosting,0,0,0,0,0,0,0,0,0,1,0,1,1,0,0,0,acquired
Storify,12/11/2009,-0.4466,1.1479,3,2023000,2,web,0,1,0,0,0,0,0,0,0,0,0,1,1,0,0,0,acquired
Axiom Microdevices,1/1/2002,5.1068,5.1068,1,25000000,0,semiconductor,0,0,0,0,0,0,0,0,0,1,1,0,0,0,0,0,acquired
ShoeDazzle,3/1/2009,0.7205,3.5945,4,66000000,4,fashion,0,0,0,0,0,0,0,0,0,1,1,0,1,1,1,0,acquired
LiftDNA,9/1/2009,1.4192,1.4466,2,1000000,1,advertising,0,0,0,0,1,0,0,0,0,0,0,1,0,0,0,0,acquired
Onavo,1/1/2010,1.3288,2.063,2,13000000,2,mobile,0,0,1,0,0,0,0,0,0,0,0,0,1,1,0,0,acquired
Pyxis Mobile,1/1/1998,7.6932,14.0329,3,24150000,2,software,1,0,0,0,0,0,0,0,0,0,1,0,1,1,0,0,closed
Link_A_Media Devices,1/1/2004,5.8411,8.2219,3,47218498,0,semiconductor,0,0,0,0,0,0,0,0,0,1,1,0,0,0,1,1,closed
Guardium,1/1/2002,3.6137,4.3753,2,11800000,2,search,0,0,0,0,0,0,0,0,0,1,0,0,0,0,1,1,acquired
Trooval,9/1/2008,1.5973,2.1781,2,2387481,1,analytics,0,0,0,0,0,0,0,0,0,1,1,0,0,0,0,0,closed
Compete,1/1/2000,0.8356,7.5863,4,33000000,5,consulting,0,0,0,0,0,0,0,0,1,0,1,0,1,1,1,0,acquired
Rollstream,1/1/2005,2.6712,3.8822,2,7500000,3,software,1,0,0,0,0,0,0,0,0,0,0,0,1,1,0,0,acquired
NeoGuide Systems,1/1/2000,6.7479,6.7479,1,25000000,1,biotech,0,0,0,0,0,0,0,1,0,0,0,0,0,0,1,0,acquired
Accept Software,1/1/2002,3.7096,8.9562,4,25305000,1,software,1,0,0,0,0,0,0,0,0,0,1,0,1,1,1,0,acquired
Milo,1/1/2008,0.8356,1.8986,2,4950000,3,web,0,1,0,0,0,0,0,0,0,0,0,1,1,0,0,0,acquired
Mimosa Systems,8/29/2003,2.2712,6.3781,6,53816776,0,software,1,0,0,0,0,0,0,0,0,0,1,0,0,1,1,1,acquired
Surphace,6/1/2005,-0.1671,0.9151,2,3500000,4,web,0,1,0,0,0,0,0,0,0,0,0,0,1,1,0,0,acquired
Cloudmeter,4/1/2007,5.0767,5.0767,1,5000000,2,enterprise,0,0,0,1,0,0,0,0,0,0,0,0,1,0,0,0,acquired
Zecter,6/1/2007,0.0,2.5397,3,2515000,3,network_hosting,0,0,0,0,0,0,0,0,0,1,1,1,1,0,0,0,acquired
Dimdim,1/1/2006,1.0849,2.4986,2,8400000,3,web,0,1,0,0,0,0,0,0,0,0,0,0,1,1,0,0,acquired
TeleFlip,1/1/2004,2.5836,4.0027,2,4900000,3,mobile,0,0,1,0,0,0,0,0,0,0,0,0,1,1,0,0,closed
MessageGate,1/1/2001,4.2959,4.2959,1,5000000,1,software,1,0,0,0,0,0,0,0,0,0,1,0,0,0,0,0,closed
Cloverleaf Communications,1/1/2001,4.4904,4.4904,1,11000000,0,public_relations,0,0,0,0,0,0,0,0,0,1,0,0,0,0,1,0,acquired
SkyPilot Networks,1/1/2000,1.0027,8.2548,4,68400000,0,mobile,0,0,1,0,0,0,0,0,0,0,1,0,1,0,1,1,acquired
Zencoder,1/1/2007,3.0877,4.2795,2,2000000,2,software,1,0,0,0,0,0,0,0,0,0,0,1,1,0,0,0,acquired
Storm Exchange,4/1/2006,0.6685,1.926,2,10800000,1,enterprise,0,0,0,1,0,0,0,0,0,0,1,0,1,0,0,0,closed
The Huffington Post,5/9/2005,-0.0219,5.2329,5,37000000,3,news,0,0,0,0,0,0,0,0,0,1,1,0,1,1,1,0,acquired
Exaprotect,1/1/2004,2.5233,2.5233,1,7660000,3,security,0,0,0,0,0,0,0,0,0,1,0,0,1,0,0,0,acquired
Akorri Networks,1/1/2005,0.3397,5.2247,4,48730000,3,software,1,0,0,0,0,0,0,0,0,0,1,0,1,1,1,0,acquired
Giiv,1/1/2009,0.0,1.4137,2,3350000,1,messaging,0,0,0,0,0,0,0,0,0,1,0,1,1,0,0,0,closed
MyShape,9/1/2003,3.8767,7.1973,4,28000000,2,ecommerce,0,0,0,0,0,0,1,0,0,0,1,0,0,1,1,0,closed
BlackLocus,1/1/2010,1.4959,1.4959,1,2500000,1,analytics,0,0,0,0,0,0,0,0,0,1,0,0,1,0,0,0,acquired
FeedBurner,2/1/2004,0.3315,1.1644,2,8000000,4,web,0,1,0,0,0,0,0,0,0,0,0,0,1,1,0,0,acquired
DailyBurn,10/1/2007,0.5836,1.6521,2,540000,2,web,0,1,0,0,0,0,0,0,0,0,0,1,0,0,0,0,acquired
CastTV,1/1/2006,0.0,1.2466,2,3100000,4,games_video,0,0,0,0,0,1,0,0,0,0,0,1,1,0,0,0,acquired
Venmo,4/4/2009,1.0904,2.326,2,1200000,2,mobile,0,0,1,0,0,0,0,0,0,0,0,1,1,0,0,0,acquired
WeShow,6/1/2007,0.0,0.0,1,5000000,1,games_video,0,0,0,0,0,1,0,0,0,0,0,0,1,0,0,0,closed
SenSage,8/18/2004,0.6658,7.3753,6,37079000,1,security,0,0,0,0,0,0,0,0,0,1,1,0,0,0,1,1,acquired
Luminus Devices,1/1/2002,4.3315,11.1699,4,135826373,2,other,0,0,0,0,0,0,0,0,0,1,0,0,0,1,0,1,acquired
Tapioca Mobile,1/1/2008,-0.3342,0.2301,2,5000000,0,mobile,0,0,1,0,0,0,0,0,0,0,1,1,0,0,0,0,closed
BestVendor,1/1/2011,0.2082,1.0849,4,4200000,3,software,1,0,0,0,0,0,0,0,0,0,0,1,1,0,0,0,acquired
Local Marketers,1/1/2005,3.5808,3.5808,1,4100000,3,web,0,1,0,0,0,0,0,0,0,0,1,0,0,0,0,0,closed
Eyeona,1/1/2011,0.7726,0.7726,1,2000000,2,web,0,1,0,0,0,0,0,0,0,0,0,0,0,0,0,0,closed
ColdSpark,1/1/2001,5.0027,5.0027,1,6500000,1,software,1,0,0,0,0,0,0,0,0,0,1,0,0,0,0,0,acquired
Etology,6/1/2005,1.4521,1.4521,1,4000000,0,web,0,1,0,0,0,0,0,0,0,0,0,0,1,0,0,0,closed
Wander (f. YongoPal),1/1/2010,0.2466,1.0,5,185000,1,mobile,0,0,1,0,0,0,0,0,0,0,1,1,0,0,0,0,closed
CrowdCompass,4/1/2009,2.6959,2.6959,1,1300000,2,mobile,0,0,1,0,0,0,0,0,0,0,0,0,1,0,0,0,acquired
Right Media,1/1/2003,3.7945,3.7945,1,45000000,0,advertising,0,0,0,0,1,0,0,0,0,0,0,0,0,1,0,0,acquired
Goby,7/1/2008,2.3041,2.3041,1,2500000,3,search,0,0,0,0,0,0,0,0,0,1,0,0,1,0,0,0,acquired
FiveRuns,2/1/2005,0.5808,2.737,2,9200000,2,web,0,1,0,0,0,0,0,0,0,0,0,0,1,1,0,0,acquired
GeekStatus,8/1/2010,-1.4712,-0.1369999999999999,4,435953,0,web,0,1,0,0,0,0,0,0,0,0,0,1,0,0,0,0,closed
MOLI,1/1/2008,-1.0,0.0,2,55600000,2,network_hosting,0,0,0,0,0,0,0,0,0,1,0,0,1,1,0,0,closed
TrenStar,1/1/2001,6.263,6.263,1,10000000,1,software,1,0,0,0,0,0,0,0,0,0,1,0,0,0,0,0,acquired
World Blender,1/1/2010,0.8329,0.8329,1,12000,1,games_video,0,0,0,0,0,1,0,0,0,0,0,1,0,0,0,0,closed
Zymetis,1/1/2006,4.0301,4.0849,2,2257464,0,biotech,0,0,0,0,0,0,0,1,0,0,1,0,0,0,0,0,closed
Dispatch,5/1/2011,0.1671,0.5288,2,983000,2,messaging,0,0,0,0,0,0,0,0,0,1,0,1,0,0,0,0,acquired
HauteLook,12/1/2007,1.4466,2.5068,2,41000000,2,fashion,0,0,0,0,0,0,0,0,0,1,0,0,0,1,1,0,acquired
Semantra,1/1/2003,3.6685,5.5589,3,9100000,0,software,1,0,0,0,0,0,0,0,0,0,1,0,0,1,1,0,closed
Inertia Beverage Group,10/22/2004,2.4438,7.1973,3,25500100,3,software,1,0,0,0,0,0,0,0,0,0,1,0,0,1,0,0,closed
Sponge,1/1/2010,0.2959,0.2959,1,400000,2,web,0,1,0,0,0,0,0,0,0,0,0,1,0,0,0,0,acquired
Genesis Networks,1/1/2002,4.737,8.3479,10,22165091,0,network_hosting,0,0,0,0,0,0,0,0,0,1,1,0,0,1,0,0,acquired
Mogad,6/1/2007,0.1671,0.1671,1,500000,2,network_hosting,0,0,0,0,0,0,0,0,0,1,0,0,1,0,0,0,acquired
Meebo,2/1/2005,0.6629999999999999,5.8849,5,70000000,4,web,0,1,0,0,0,0,0,0,0,0,0,0,1,1,1,1,acquired
Accertify,3/1/2007,1.2603,3.1781,2,4700000,1,security,0,0,0,0,0,0,0,0,0,1,1,0,1,0,0,0,acquired
N2N Commerce,1/1/2006,2.0055,2.0055,1,30000000,1,ecommerce,0,0,0,0,0,0,1,0,0,0,1,0,0,0,0,0,acquired
StreamBase Systems,1/1/2003,2.0658,9.3836,5,39000000,1,software,1,0,0,0,0,0,0,0,0,0,0,0,0,1,1,1,acquired
Provigent,1/1/2000,6.4356,9.0,3,32000000,1,semiconductor,0,0,0,0,0,0,0,0,0,1,0,0,0,0,0,1,acquired
Navic Networks,1/3/2000,0.1151,1.1507,3,42000000,0,advertising,0,0,0,0,1,0,0,0,0,0,0,0,1,1,1,0,acquired
Integrien,1/1/2001,4.3726,9.3616,3,24510540,2,enterprise,0,0,0,1,0,0,0,0,0,0,1,0,1,1,0,0,acquired
Generic Media,1/1/2000,5.6548,5.6548,1,2500000,0,software,1,0,0,0,0,0,0,0,0,0,1,0,0,0,0,0,closed
Persystent Technologies,1/1/2002,3.6027,7.926,3,21460663,2,software,1,0,0,0,0,0,0,0,0,0,0,0,0,1,1,1,acquired
WireImage,1/1/2001,5.3507,5.3507,1,15000000,0,games_video,0,0,0,0,0,1,0,0,0,0,0,0,0,0,1,0,acquired
Hello Chair,1/1/2006,1.4137,4.2795,2,889999,2,mobile,0,0,1,0,0,0,0,0,0,0,1,1,0,0,0,0,closed
Encentuate,1/1/2001,4.2219,4.2219,1,16000000,1,software,1,0,0,0,0,0,0,0,0,0,0,0,0,1,0,0,acquired
Consorte Media,7/1/2005,2.4192,2.4192,1,7000000,4,web,0,1,0,0,0,0,0,0,0,0,0,0,0,1,0,0,acquired
Triples Media,6/1/2010,0.7479,0.7479,2,100000,0,advertising,0,0,0,0,1,0,0,0,0,0,0,1,0,0,0,0,closed
RightsFlow,10/1/2007,1.9041,1.9041,1,1500000,3,music,0,0,0,0,0,0,0,0,0,1,0,0,1,0,0,0,acquired
thePlatform,1/1/2000,6.0356,6.0356,1,8000000,4,web,0,1,0,0,0,0,0,0,0,0,1,0,0,0,0,0,acquired
Docstoc,8/1/2007,0.2521,0.7425,2,4000000,4,web,0,1,0,0,0,0,0,0,0,0,0,0,1,1,0,0,acquired
TwtBks,6/20/2009,0.0164,0.0164,1,25000,0,web,0,1,0,0,0,0,0,0,0,0,0,1,0,0,0,0,closed
Zenprise,1/1/2003,2.4301,9.0055,6,64630000,3,mobile,0,0,1,0,0,0,0,0,0,0,1,0,0,1,1,0,acquired
Picateers,1/1/2005,1.0,3.6493,2,12100000,1,web,0,1,0,0,0,0,0,0,0,0,0,0,1,1,0,0,closed
Vontu,1/1/2001,4.2192,5.6110000000000015,2,20000000,1,software,1,0,0,0,0,0,0,0,0,0,0,0,0,0,1,1,acquired
NextIO,1/1/2003,2.0301,9.3808,4,49600000,1,hardware,0,0,0,0,0,0,0,0,0,1,0,0,0,1,1,0,closed
Emergent Game Technologies,1/1/2000,7.5123,9.9479,5,51450000,1,games_video,0,0,0,0,0,1,0,0,0,0,1,0,0,0,0,1,acquired
threadsy,6/1/2008,-0.1808,2.5178,2,6300000,1,messaging,0,0,0,0,0,0,0,0,0,1,0,0,1,1,0,0,acquired
Sonar.me,1/1/2010,2.0,2.0,1,200000,3,mobile,0,0,1,0,0,0,0,0,0,0,0,1,0,0,0,0,closed
StyleZen,9/1/2011,0.0,0.0,1,20000,1,fashion,0,0,0,0,0,0,0,0,0,1,0,1,0,0,0,0,closed
Kiva Systems,1/1/2003,0.0,3.3945,2,11600000,3,hardware,0,0,0,0,0,0,0,0,0,1,0,0,1,0,1,0,acquired
Krillion,5/1/2006,0.1205,0.1205,1,9150000,2,web,0,1,0,0,0,0,0,0,0,0,0,0,1,0,0,0,acquired
Transactiv,7/1/2009,0.2849,0.2849,1,1200000,2,advertising,0,0,0,0,1,0,0,0,0,0,0,0,1,0,0,0,closed
nprogress,2/1/2010,1.8301,1.8301,1,1700000,2,social,0,0,0,0,0,0,0,0,0,1,0,0,0,0,0,0,closed
Brightkite,1/1/2007,0.5808,2.5123,3,1415000,4,social,0,0,0,0,0,0,0,0,0,1,1,1,0,0,0,0,acquired
Peanut Labs,1/1/2005,1.0849,3.1342,2,4200000,2,enterprise,0,0,0,1,0,0,0,0,0,0,0,0,1,1,0,0,acquired
FlipKey,1/1/2007,0.9151,1.6356,2,500000,2,web,0,1,0,0,0,0,0,0,0,0,0,1,1,0,0,0,acquired
AppTrigger,1/1/2002,5.9507,5.9507,1,21500000,0,public_relations,0,0,0,0,0,0,0,0,0,1,0,0,0,0,1,0,acquired
Footnote,6/1/2006,0.0411,1.5863,2,10000000,2,web,0,1,0,0,0,0,0,0,0,0,0,0,1,0,0,0,acquired
NextMedium,1/1/2004,1.0877,2.5616,2,9500000,1,software,1,0,0,0,0,0,0,0,0,0,0,0,1,1,0,0,closed
iosil Energy,1/1/2007,2.9808,5.211,2,13875001,0,cleantech,0,0,0,0,0,0,0,0,0,1,0,0,0,0,0,0,closed
Kurani Interactive,1/1/2000,10.9068,10.9068,1,275000,1,software,1,0,0,0,0,0,0,0,0,0,0,1,0,0,0,0,closed
Kapow Software,1/1/2005,0.0849,5.0356,3,19743770,1,software,1,0,0,0,0,0,0,0,0,0,0,0,0,1,1,0,acquired
Locately,7/1/2008,2.0849,4.0192,5,1178000,1,software,1,0,0,0,0,0,0,0,0,0,0,1,0,0,0,0,acquired
TrustedID,1/1/2005,0.7479,2.7945,3,25000000,2,security,0,0,0,0,0,0,0,0,0,1,0,0,1,1,0,0,acquired
Ciclon Semiconductor Device Corporation,1/1/2004,1.5863,3.1808,3,24150000,0,semiconductor,0,0,0,0,0,0,0,0,0,1,1,0,1,1,0,0,acquired
Azingo,1/1/2005,1.7479,3.5452,2,80000000,1,mobile,0,0,1,0,0,0,0,0,0,0,0,0,1,1,0,0,closed
Vudu,1/1/2004,1.4164,3.326,2,36000000,3,hardware,0,0,0,0,0,0,0,0,0,1,0,0,1,1,0,0,acquired
"ITOG, Inc.",9/19/2006,1.3973,1.3973,1,205000,0,network_hosting,0,0,0,0,0,0,0,0,0,1,0,1,0,0,0,0,closed
Plaxo,11/17/2002,-0.0438,4.211,4,28300000,4,web,0,1,0,0,0,0,0,0,0,0,0,0,1,1,1,1,acquired
Sharetivity,7/7/2007,-1.1836,-1.1836,1,2000000,1,web,0,1,0,0,0,0,0,0,0,0,0,0,0,0,0,0,closed
YouTube,2/1/2005,0.7479,1.1616,2,11500000,6,games_video,0,0,0,0,0,1,0,0,0,0,0,0,1,1,0,0,acquired
Hashable,1/1/2010,0.8904,0.8904,1,4000000,2,mobile,0,0,1,0,0,0,0,0,0,0,0,0,1,0,0,0,closed
MyNines,8/1/2009,0.7151,0.7151,1,500000,2,ecommerce,0,0,0,0,0,0,1,0,0,0,0,1,0,0,0,0,closed
itzbig,6/1/2006,0.7425,0.7425,1,4000000,2,search,0,0,0,0,0,0,0,0,0,1,0,0,1,0,0,0,closed
Loosecubes,1/1/2010,0.0,2.4274,2,9030000,2,web,0,1,0,0,0,0,0,0,0,0,0,1,1,0,0,0,closed
Avid Radiopharmaceuticals,1/1/2005,0.0658,4.3863,4,69900000,0,biotech,0,0,0,0,0,0,0,1,0,0,0,1,1,0,1,1,acquired
Contur,9/1/2011,0.6658,0.6658,1,20000,1,messaging,0,0,0,0,0,0,0,0,0,1,0,1,0,0,0,0,closed
ExactTarget,12/1/2000,3.6384,11.9041,7,238209999,3,software,1,0,0,0,0,0,0,0,0,0,1,0,0,0,0,0,acquired
Rhythmia Medical,1/1/2004,3.1014,6.7342,3,14700000,2,medical,0,0,0,0,0,0,0,0,0,1,1,0,0,1,0,0,acquired
MyMiniLife,1/1/2007,-0.1288,0.8712,3,430000,2,games_video,0,0,0,0,0,1,0,0,0,0,0,1,0,0,0,0,acquired
Adept Cloud,6/1/2011,1.337,1.4219,2,1015000,1,enterprise,0,0,0,1,0,0,0,0,0,0,1,0,1,0,0,0,acquired
Factery,4/1/2009,0.4438,0.4438,1,1200000,1,web,0,1,0,0,0,0,0,0,0,0,1,0,0,0,0,0,closed
"MeetMe, Inc.",4/1/2005,1.8301,3.3288,2,17100000,4,web,0,1,0,0,0,0,0,0,0,0,0,0,1,1,0,0,acquired
WildBlue,1/1/2004,4.6767,4.6767,1,50000000,1,web,0,1,0,0,0,0,0,0,0,0,1,0,0,0,0,0,acquired
HeadCase Humanufacturing,1/1/2006,0.6548,0.6548,1,900000,0,software,1,0,0,0,0,0,0,0,0,0,0,0,1,0,0,0,closed
bluepulse,4/10/1990,16.9863,16.9863,1,6000000,2,network_hosting,0,0,0,0,0,0,0,0,0,1,0,0,1,0,0,0,closed
Mr. Youth,1/1/2002,0.7479,7.0904,2,15100000,3,advertising,0,0,0,0,1,0,0,0,0,0,0,1,1,0,0,0,acquired
Teknovus,1/1/2001,1.0,8.8795,5,62600000,2,semiconductor,0,0,0,0,0,0,0,0,0,1,1,0,1,1,1,1,acquired
Qik,6/1/2006,1.8575,4.6027,4,14800000,3,mobile,0,0,1,0,0,0,0,0,0,0,1,0,0,1,1,0,acquired
EQAL,4/1/2008,0.0411,3.1425,2,6875000,5,web,0,1,0,0,0,0,0,0,0,0,1,0,1,0,0,0,acquired
IonLogix Systems,12/11/2007,0.8712,0.8712,1,30000,0,software,1,0,0,0,0,0,0,0,0,0,0,1,0,0,0,0,closed
Atrica,1/1/2000,6.263,6.263,1,22200000,1,public_relations,0,0,0,0,0,0,0,0,0,1,0,0,0,0,0,0,closed
Socialthing,5/18/2007,0.2055,0.4329,2,415000,2,network_hosting,0,0,0,0,0,0,0,0,0,1,0,1,0,0,0,0,acquired
Next New Networks,3/1/2007,-0.1616,3.8329,4,27063781,4,web,0,1,0,0,0,0,0,0,0,0,0,0,1,1,1,0,acquired
AdECN,1/1/2003,3.0877,3.0877,1,3100000,1,advertising,0,0,0,0,1,0,0,0,0,0,0,0,1,0,0,0,acquired
Cuil,1/1/2005,2.1616,3.2877,2,33000000,4,search,0,0,0,0,0,0,0,0,0,1,0,0,1,1,0,0,closed
Sensory Networks,1/1/2003,2.7753,5.0027,3,17400000,2,web,0,1,0,0,0,0,0,0,0,0,1,0,0,0,1,0,acquired
Flock,1/1/2005,0.0,3.3863,5,28300000,4,web,0,1,0,0,0,0,0,0,0,0,0,1,1,1,1,1,acquired
AdMob,12/1/2006,-0.2493,2.1644,4,46800000,6,advertising,0,0,0,0,1,0,0,0,0,0,0,0,1,1,1,0,acquired
FeeFighters,1/1/2009,1.3288,2.0301,3,1525000,2,ecommerce,0,0,0,0,0,0,1,0,0,0,0,1,0,0,0,0,acquired
WeHostels,11/15/2011,0.3397,0.3397,1,1200000,3,travel,0,0,0,0,0,0,0,0,0,1,0,1,0,0,0,0,acquired
TimeBridge,5/1/2005,0.1781,4.0301,3,12400000,4,web,0,1,0,0,0,0,0,0,0,0,1,0,1,1,0,0,acquired
Lazarus Therapeutics,1/1/2006,4.5863,4.5863,1,100000,0,biotech,0,0,0,0,0,0,0,1,0,0,1,0,0,0,0,0,closed
Loyalty Lab,1/1/2003,2.2219,7.3288,3,11000000,1,software,1,0,0,0,0,0,0,0,0,0,1,1,0,1,0,0,acquired
RentStuff.com,1/1/2010,1.3397,2.2795,2,675000,1,web,0,1,0,0,0,0,0,0,0,0,0,1,0,0,0,0,acquired
ZManda,1/1/2005,0.0,2.3863,2,13000000,0,software,1,0,0,0,0,0,0,0,0,0,0,0,1,1,0,0,acquired
Jumo,2/1/2010,0.7479,0.7479,1,3500000,2,social,0,0,0,0,0,0,0,0,0,1,0,0,0,0,0,0,acquired
Sionex,1/1/2001,4.9342,4.9342,1,12000000,1,hardware,0,0,0,0,0,0,0,0,0,1,0,0,0,0,1,0,closed
sezmi,1/1/2007,0.5808,4.8521,5,78573646,4,games_video,0,0,0,0,0,1,0,0,0,0,0,0,1,1,1,0,acquired
StudioNow,1/1/2007,0.4521,6.0822,3,15286415,1,photo_video,0,0,0,0,0,0,0,0,0,1,0,0,1,0,0,0,acquired
PicApp,1/1/2008,0.7123,0.7123,1,3200000,3,web,0,1,0,0,0,0,0,0,0,0,0,0,1,0,0,0,acquired
Million Dollar Earth,3/1/2011,0.0164,0.0164,1,30000,1,advertising,0,0,0,0,1,0,0,0,0,0,0,1,0,0,0,0,closed
Composite Software,1/1/2002,0.0,10.8192,3,14650003,1,software,1,0,0,0,0,0,0,0,0,0,0,1,0,0,0,1,acquired
Terracotta,1/1/2003,3.1589,5.6712,2,23500000,1,software,1,0,0,0,0,0,0,0,0,0,1,0,0,1,0,0,acquired
FireStar Software,1/1/2001,5.0082,5.0082,1,980000,0,software,1,0,0,0,0,0,0,0,0,0,0,0,0,0,0,0,closed
Aquest Systems,1/1/2004,3.1562,3.1562,1,20000000,0,hardware,0,0,0,0,0,0,0,0,0,1,0,0,0,1,0,0,closed
Faves,12/1/2004,-0.9178,-0.9178,1,1500000,0,web,0,1,0,0,0,0,0,0,0,0,0,0,0,0,0,0,closed
Generate,1/1/2004,4.1753,5.537000000000001,2,8000000,1,games_video,0,0,0,0,0,1,0,0,0,0,0,0,1,0,0,0,acquired
Attributor,10/1/2005,0.326,4.6932,4,25200000,3,software,1,0,0,0,0,0,0,0,0,0,0,0,1,1,1,1,acquired
Greenplum Software,6/1/2003,2.7507,4.589,4,61000000,2,software,1,0,0,0,0,0,0,0,0,0,0,0,1,1,1,0,acquired
PlaySpan,5/1/2006,1.337,4.3041,4,46300000,4,games_video,0,0,0,0,0,1,0,0,0,0,1,0,1,1,1,0,acquired
JackBe,1/1/2002,4.0274,8.2712,4,24500000,5,software,1,0,0,0,0,0,0,0,0,0,0,0,0,1,1,1,acquired
D2C Games,1/1/2006,0.9863,1.6575,2,7500000,1,games_video,0,0,0,0,0,1,0,0,0,0,0,0,1,0,0,0,closed
Zimbra,1/1/2003,3.2493,3.2493,1,14500000,3,enterprise,0,0,0,1,0,0,0,0,0,0,0,0,0,0,1,0,acquired
Smith & Tinker,1/1/2007,2.6493,2.6493,1,29000000,1,games_video,0,0,0,0,0,1,0,0,0,0,1,0,0,0,0,0,closed
Mu Dynamics,1/1/2005,0.0,3.3808,3,24000000,1,network_hosting,0,0,0,0,0,0,0,0,0,1,0,0,1,1,1,0,acquired
Fulcrum Microsystems,1/1/2000,5.3562,10.2082,4,81017493,1,semiconductor,0,0,0,0,0,0,0,0,0,1,1,0,0,0,1,1,acquired
ReTel Technologies,10/1/2007,1.8493,2.1726,2,1000000,3,analytics,0,0,0,0,0,0,0,0,0,1,0,1,0,0,0,0,acquired
NexGen Storage,1/1/2010,1.1014,1.8712,2,12010000,2,software,1,0,0,0,0,0,0,0,0,0,1,0,1,0,0,0,acquired
WAY Systems,1/1/2002,3.7562,3.7562,1,22000000,3,mobile,0,0,1,0,0,0,0,0,0,0,0,0,0,0,1,0,acquired
Roxro Pharma,1/1/1999,8.4493,8.4493,1,42700000,0,biotech,0,0,0,0,0,0,0,1,0,0,0,0,0,1,0,0,closed
Intelliden,1/1/2000,5.9753,7.3918,3,80000000,1,software,1,0,0,0,0,0,0,0,0,0,1,0,0,0,0,1,acquired
Forrst,1/25/2010,1.1589,1.1589,1,205000,3,web,0,1,0,0,0,0,0,0,0,0,0,1,0,0,0,0,acquired
XGraph,10/1/2008,1.7644,1.7644,1,3750000,2,analytics,0,0,0,0,0,0,0,0,0,1,0,0,1,0,0,0,acquired
Color Labs Inc.,8/1/2010,0.0,0.6411,2,41000000,2,other,0,0,0,0,0,0,0,0,0,1,0,0,1,1,0,0,closed
Playdom,2/1/2008,1.7781,2.3863,2,76000000,3,games_video,0,0,0,0,0,1,0,0,0,0,0,0,1,0,0,0,acquired
Digital Reef,1/1/2006,0.0,2.7507,2,20000000,2,enterprise,0,0,0,1,0,0,0,0,0,0,0,0,1,1,0,0,acquired
Servio,4/30/2009,1.2877,3.8521,2,9356180,4,analytics,0,0,0,0,0,0,0,0,0,1,0,0,1,1,0,0,acquired
Advaliant,4/16/2013,-9.0466,-9.0466,1,100000,2,advertising,0,0,0,0,1,0,0,0,0,0,0,1,0,0,0,0,closed
Vocalocity,1/1/2007,2.0767,4.6603,2,13600000,2,software,1,0,0,0,0,0,0,0,0,0,0,0,0,1,1,0,acquired
Dapper,10/1/2006,1.1671,1.1671,1,3000000,4,advertising,0,0,0,0,1,0,0,0,0,0,0,0,1,0,0,0,acquired
SeeSaw Networks,1/1/2005,1.874,6.4767,5,21138876,0,advertising,0,0,0,0,1,0,0,0,0,0,1,0,1,1,0,0,closed
oneforty,3/31/2009,0.1945,0.7836,4,2345000,3,enterprise,0,0,0,1,0,0,0,0,0,0,0,1,1,0,0,0,acquired
Smalltown,1/15/2005,0.7945,0.7945,1,4000000,4,web,0,1,0,0,0,0,0,0,0,0,0,0,1,0,0,0,closed
Skyrider,1/1/2003,3.811,5.1781,2,17000000,2,software,1,0,0,0,0,0,0,0,0,0,1,0,0,0,1,0,closed
SkillSlate,1/1/2009,1.8,1.8,1,1100000,1,web,0,1,0,0,0,0,0,0,0,0,0,1,0,0,0,0,acquired
AwesomeTouch,7/26/2010,-0.2384,0.8493,4,59700,1,software,1,0,0,0,0,0,0,0,0,0,0,1,0,0,0,0,acquired
Syncplicity,11/3/2008,-0.0082,-0.0082,1,2350000,3,enterprise,0,0,0,1,0,0,0,0,0,0,0,0,1,0,0,0,acquired
Fortisphere,1/1/2006,1.8822,1.8822,1,10000000,1,software,1,0,0,0,0,0,0,0,0,0,0,0,1,0,0,0,closed
PlayerDuel,1/1/2011,0.6767,1.4493,2,21189,1,mobile,0,0,1,0,0,0,0,0,0,0,1,1,0,0,0,0,closed
Aveksa,1/1/2004,2.4521,5.1562,3,28000000,2,software,1,0,0,0,0,0,0,0,0,0,0,0,1,1,1,0,acquired
PANTA Systems,1/1/2002,3.3315,3.3315,1,9500000,0,software,1,0,0,0,0,0,0,0,0,0,1,0,0,0,0,0,closed
Beceem Communications,10/1/2003,1.7479,5.5616,3,69600000,1,semiconductor,0,0,0,0,0,0,0,0,0,1,1,0,0,1,0,1,acquired
Trust Digital,3/1/2003,2.6822,6.4164,3,23500000,2,mobile,0,0,1,0,0,0,0,0,0,0,1,0,0,1,1,0,acquired
Sabrix,1/1/2002,4.4712,4.4712,1,13000000,1,software,1,0,0,0,0,0,0,0,0,0,0,0,0,0,0,1,acquired
Panther Express,1/1/2005,1.5616,3.1562,2,21750000,2,games_video,0,0,0,0,0,1,0,0,0,0,1,0,0,1,0,0,acquired
T-Networks,1/1/2000,5.1644,5.1644,1,5750000,0,public_relations,0,0,0,0,0,0,0,0,0,1,0,0,0,0,1,0,closed
BlueNote Networks,1/1/2005,0.7342,1.1753,2,23400000,1,software,1,0,0,0,0,0,0,0,0,0,0,0,1,1,0,0,acquired
Predictify,3/1/2007,1.0685,1.0685,1,4300000,3,advertising,0,0,0,0,1,0,0,0,0,0,0,0,1,0,0,0,closed
BreakingPoint Systems,8/28/2005,2.2082,4.6521,2,20000000,1,security,0,0,0,0,0,0,0,0,0,1,1,0,0,0,1,0,acquired
OptiMedica,1/1/2004,4.2356,9.3616,2,51000000,1,biotech,0,0,0,0,0,0,0,1,0,0,0,0,0,0,1,0,acquired
Metatomix,1/1/2000,3.6877,10.137,4,27101994,1,enterprise,0,0,0,1,0,0,0,0,0,0,1,0,0,1,0,0,acquired
Neterion,1/1/2001,5.1507,5.1507,1,6480000,1,public_relations,0,0,0,0,0,0,0,0,0,1,0,0,0,0,0,1,acquired
Schooner Information Technology,5/1/2007,0.4192,2.2329,2,35000000,2,enterprise,0,0,0,1,0,0,0,0,0,0,0,0,1,1,0,0,acquired
Swaptree Inc.,1/1/2010,-3.5068,0.3945,3,11300000,2,web,0,1,0,0,0,0,0,0,0,0,1,0,0,1,1,0,closed
Nalace Corporation,1/1/2012,0.2986,0.2986,1,19000,1,ecommerce,0,0,0,0,0,0,1,0,0,0,0,1,0,0,0,0,closed
Quidsi,1/1/2005,1.6658,5.3014,6,78500000,3,ecommerce,0,0,0,0,0,0,1,0,0,0,0,0,1,1,1,1,acquired
spotdock,11/15/2011,0.1534,0.1534,1,600000,0,web,0,1,0,0,0,0,0,0,0,0,0,1,0,0,0,0,closed
Netcordia,1/1/2000,5.4932,6.5836,2,13000000,1,network_hosting,0,0,0,0,0,0,0,0,0,1,0,0,1,1,0,0,acquired
SearchMe,7/1/2005,0.0,2.8356,5,43600000,3,search,0,0,0,0,0,0,0,0,0,1,0,0,1,1,1,1,closed
Yammer,9/10/2008,0.3589,3.4712,5,142000000,3,enterprise,0,0,0,1,0,0,0,0,0,0,0,0,1,1,1,1,acquired
Clever Sense,4/11/2008,2.1836,3.3068,2,2000000,2,web,0,1,0,0,0,0,0,0,0,0,1,0,1,0,0,0,acquired
AlterPoint,1/1/2001,2.0,4.0466,3,26800000,1,software,1,0,0,0,0,0,0,0,0,0,0,0,1,1,1,0,acquired
Shocking Technologies,1/1/2006,1.2904,6.388999999999999,6,55900000,1,hardware,0,0,0,0,0,0,0,0,0,1,1,0,1,1,1,0,closed
Ribbit,2/23/2005,1.6027,2.8137,2,11000000,3,mobile,0,0,1,0,0,0,0,0,0,0,0,0,1,1,0,0,acquired
StorSimple,1/1/2009,0.4137,2.474,3,31500000,1,enterprise,0,0,0,1,0,0,0,0,0,0,0,0,1,1,1,0,acquired
NationalField,6/12/2009,3.3863,3.3863,1,1500000,2,enterprise,0,0,0,1,0,0,0,0,0,0,1,0,0,0,0,0,acquired
Tripl,5/17/2011,0.0082,1.1479,3,900000,3,social,0,0,0,0,0,0,0,0,0,1,0,1,0,0,0,0,closed
Sadra Medical,1/1/2003,1.4603,6.3918,3,58000000,1,biotech,0,0,0,0,0,0,0,1,0,0,0,0,1,1,1,0,acquired
expressor software,1/1/2007,0.4959,4.9671,4,29050000,2,software,1,0,0,0,0,0,0,0,0,0,1,0,0,1,0,0,acquired
NSFW Corporation,1/1/2011,0.7589,2.4521,2,250000,2,news,0,0,0,0,0,0,0,0,0,1,0,1,0,0,0,0,acquired
Azaire Networks,1/1/2003,3.6493,3.6493,1,21000000,0,software,1,0,0,0,0,0,0,0,0,0,0,0,0,0,1,0,closed
Quigo,1/1/2000,4.1671,7.4356,2,35000000,0,advertising,0,0,0,0,1,0,0,0,0,0,1,0,1,0,0,0,acquired
Weatherista,8/16/2010,-0.0027,-0.0027,1,500000,1,web,0,1,0,0,0,0,0,0,0,0,0,1,0,0,0,0,closed
Navini Networks,1/1/2000,5.6110000000000015,6.474,2,30920000,1,public_relations,0,0,0,0,0,0,0,0,0,1,1,0,0,0,0,0,acquired
VirtualLogix,1/1/2002,2.0,8.0356,4,29288979,1,software,1,0,0,0,0,0,0,0,0,0,1,0,1,1,1,0,acquired
Exit41,1/1/1999,8.0986,12.3671,4,24200000,2,software,1,0,0,0,0,0,0,0,0,0,1,0,1,0,1,0,closed
SezWho,10/1/2006,1.0,1.0,1,1000000,3,web,0,1,0,0,0,0,0,0,0,0,0,0,1,0,0,0,acquired
Jobs2Web,1/1/2003,1.0,3.0575,2,5550000,1,web,0,1,0,0,0,0,0,0,0,0,0,1,1,0,0,0,acquired
HighlightCam,7/27/2009,-0.1534,2.3425,2,3000000,3,mobile,0,0,1,0,0,0,0,0,0,0,0,1,1,0,0,0,closed
MerchantCircle,10/1/2005,0.6767,1.9178,2,14300000,3,web,0,1,0,0,0,0,0,0,0,0,0,0,1,1,0,0,acquired
Helicomm,1/1/2002,4.2192,4.2192,1,1000000,0,network_hosting,0,0,0,0,0,0,0,0,0,1,1,0,0,0,0,0,closed
Kace networks,1/1/2003,2.5644,3.389,2,11000000,1,software,1,0,0,0,0,0,0,0,0,0,1,0,0,1,0,0,acquired
Thwapr,1/1/2007,2.0027,3.0027,2,2000000,3,photo_video,0,0,0,0,0,0,0,0,0,1,1,1,0,0,0,0,closed
Zinch,2/1/2007,0.8301,2.7178,2,5000000,2,web,0,1,0,0,0,0,0,0,0,0,1,1,0,0,0,0,acquired
Cloud.com,1/1/2008,2.0027,2.0027,1,11000000,2,enterprise,0,0,0,1,0,0,0,0,0,0,0,0,0,1,0,0,acquired
"Wildfire, a division of Google",7/1/2008,0.4192,3.4192,4,14100000,4,enterprise,0,0,0,1,0,0,0,0,0,0,0,1,1,1,0,0,acquired
Authenticlick,8/5/2005,0.4932,0.4932,1,5000000,1,search,0,0,0,0,0,0,0,0,0,1,0,0,1,0,0,0,closed
Idooble,1/1/2009,0.0,1.5808,2,400000,1,web,0,1,0,0,0,0,0,0,0,0,0,1,0,0,0,0,closed
BioSeek,1/1/2000,7.3945,7.3945,1,10000000,1,biotech,0,0,0,0,0,0,0,1,0,0,0,0,0,0,1,0,acquired
xkoto,1/1/2005,0.8329,4.0712,3,11035000,1,software,1,0,0,0,0,0,0,0,0,0,1,0,0,1,1,0,closed
Coradiant,1/1/2000,5.6438,5.6438,1,12700000,2,public_relations,0,0,0,0,0,0,0,0,0,1,0,0,0,0,0,1,acquired
QuantaLife,1/1/2008,2.9507,3.5562,2,20757182,1,biotech,0,0,0,0,0,0,0,1,0,0,0,0,0,1,0,0,acquired
BroadLight,6/1/2000,5.4658,7.2822,3,27000000,1,software,1,0,0,0,0,0,0,0,0,0,0,0,0,0,0,1,acquired
BBE,4/1/2004,3.7534,3.7534,1,10000000,3,advertising,0,0,0,0,1,0,0,0,0,0,0,0,1,0,0,0,acquired
TelASIC Communications,1/1/2001,4.2219,4.2219,1,26000000,0,public_relations,0,0,0,0,0,0,0,0,0,1,0,0,0,0,0,1,closed
LegiTime Technologies,1/1/2005,2.1616,4.9562,2,4000000,0,messaging,0,0,0,0,0,0,0,0,0,1,0,0,1,0,0,0,closed
Mobius Microsystems,1/1/2004,2.0849,3.9425,2,20220000,1,hardware,0,0,0,0,0,0,0,0,0,1,0,0,1,1,0,0,acquired
Boonty,3/1/2001,4.3534,4.3534,1,10000000,3,games_video,0,0,0,0,0,1,0,0,0,0,0,0,0,1,0,0,acquired
B-Side Entertainment,4/7/2005,1.5123,3.6082,2,7350000,3,games_video,0,0,0,0,0,1,0,0,0,0,0,0,1,1,0,0,closed
Taggstr,7/1/2009,0.7671,0.7671,1,50000,1,messaging,0,0,0,0,0,0,0,0,0,1,0,1,0,0,0,0,closed
Fashism,1/1/2009,1.8822,1.8822,1,1000000,3,fashion,0,0,0,0,0,0,0,0,0,1,0,0,1,0,0,0,closed
Goodmail Systems,1/1/2003,2.7945,6.0356,4,45000000,2,security,0,0,0,0,0,0,0,0,0,1,0,0,1,1,1,0,closed
Nirvanix,7/1/2007,0.2164,4.8438,5,70000000,5,enterprise,0,0,0,1,0,0,0,0,0,0,1,0,1,1,1,0,closed
LookStat,1/1/2008,1.3096,1.3096,1,500000,2,ecommerce,0,0,0,0,0,0,1,0,0,0,0,0,1,0,0,0,closed
Sweepery,8/1/2008,0.0849,1.3342,2,500000,0,software,1,0,0,0,0,0,0,0,0,0,0,0,0,0,0,0,closed
Luminary Micro,1/1/2004,1.0877,3.6438,3,44000000,1,semiconductor,0,0,0,0,0,0,0,0,0,1,0,0,1,1,1,0,acquired
ZettaCore,1/1/1999,10.3644,10.3644,1,21000000,1,semiconductor,0,0,0,0,0,0,0,0,0,1,1,0,0,0,0,0,closed
Clicker,1/1/2009,0.7041,1.1315,2,19000000,2,games_video,0,0,0,0,0,1,0,0,0,0,0,0,1,1,0,0,acquired
iKoa,1/1/2006,1.4247,4.5397,3,18700000,0,semiconductor,0,0,0,0,0,0,0,0,0,1,1,0,1,0,0,0,closed
SocialShield,9/1/2009,1.0932,1.0932,1,10000000,2,software,1,0,0,0,0,0,0,0,0,0,0,0,1,0,0,0,acquired
LeisureLogix,8/1/2006,0.4192,0.4192,3,5900000,0,software,1,0,0,0,0,0,0,0,0,0,0,1,0,0,0,0,closed
Storwize,1/1/2004,3.4301,4.2548,2,28000000,2,other,0,0,0,0,0,0,0,0,0,1,0,0,0,1,1,0,acquired
AutoVirt,1/1/2007,0.0,4.3945,7,24300000,2,software,1,0,0,0,0,0,0,0,0,0,1,1,1,1,0,0,closed
Loopt,1/1/2005,0.4137,5.3370000000000015,4,32006000,3,mobile,0,0,1,0,0,0,0,0,0,0,0,1,1,1,1,0,acquired
Blue Lane Technologies,1/1/2002,3.0877,3.0877,1,13400000,1,public_relations,0,0,0,0,0,0,0,0,0,1,0,0,0,1,0,0,acquired
Socialcast,6/1/2005,3.8493,4.8329,3,9400000,3,enterprise,0,0,0,1,0,0,0,0,0,0,0,1,1,1,0,0,acquired
Collective Intellect,1/1/2005,1.0849,7.937,6,15324624,3,enterprise,0,0,0,1,0,0,0,0,0,0,1,1,1,1,0,0,acquired
Wavii,3/1/2009,1.3342,1.3342,1,2000000,2,web,0,1,0,0,0,0,0,0,0,0,0,0,0,0,0,0,acquired
Seesmic,6/1/2007,0.4192,3.674,3,16000000,4,web,0,1,0,0,0,0,0,0,0,0,0,0,1,1,1,0,acquired
Apnex Medical,1/1/2006,3.9205,6.7342,3,44000000,0,medical,0,0,0,0,0,0,0,0,0,1,1,0,0,1,1,0,closed
MobileReactor,1/1/2010,1.811,2.4548,2,1175000,1,software,1,0,0,0,0,0,0,0,0,0,1,0,0,0,0,0,closed
Echopass Corporation,1/1/2000,6.8329,10.2712,2,9000000,1,network_hosting,0,0,0,0,0,0,0,0,0,1,0,0,0,0,0,0,acquired
ID Analytics,1/1/2002,0.3288,5.3726,3,35150000,1,web,0,1,0,0,0,0,0,0,0,0,0,0,1,1,1,0,acquired
Vela Systems,1/1/2005,1.3288,5.6712,3,12000000,2,software,1,0,0,0,0,0,0,0,0,0,1,0,1,1,0,0,acquired
FlowCardia,1/1/2002,5.662999999999999,5.662999999999999,1,30000000,1,biotech,0,0,0,0,0,0,0,1,0,0,0,0,0,0,1,0,acquired
Bizanga,1/1/2003,6.1342,6.1342,1,8000000,1,security,0,0,0,0,0,0,0,0,0,1,0,0,0,1,0,0,acquired
Transpond,1/1/2007,2.0959,2.0959,1,4100000,3,advertising,0,0,0,0,1,0,0,0,0,0,0,0,1,0,0,0,acquired
Caterva,1/1/2008,1.9562,3.5123,2,2408500,1,social,0,0,0,0,0,0,0,0,0,1,0,1,0,0,0,0,closed
Innovative Silicon,1/1/2002,2.1644,5.8493,4,72000000,1,other,0,0,0,0,0,0,0,0,0,1,0,0,1,1,1,0,closed
Kardia Health Systems,1/1/2006,1.0,2.0,2,18400000,1,enterprise,0,0,0,1,0,0,0,0,0,0,1,0,0,0,0,0,closed
Biolex Therapeutics,1/1/1997,8.0219,14.9726,7,162264126,1,biotech,0,0,0,0,0,0,0,1,0,0,1,0,0,1,1,1,closed
Foldrx Pharmaceuticals,1/1/2003,7.4575,7.4575,1,29000000,1,biotech,0,0,0,0,0,0,0,1,0,0,1,0,0,0,0,0,acquired
Klir Technologies,1/1/2000,5.4247,5.4247,1,8700000,0,network_hosting,0,0,0,0,0,0,0,0,0,1,0,0,1,0,0,0,closed
MetaCarta,1/1/2001,4.6877,4.6877,1,10000000,2,mobile,0,0,1,0,0,0,0,0,0,0,0,0,0,0,1,0,acquired
Viridity Software,1/1/2008,0.9178,2.6329,2,15000000,2,software,1,0,0,0,0,0,0,0,0,0,0,0,1,1,0,0,acquired
Devtap,1/1/2008,0.6685,0.6685,1,2600000,1,search,0,0,0,0,0,0,0,0,0,1,0,0,0,0,0,0,closed
Bebo,1/6/2005,1.3151,1.3151,1,15000000,3,web,0,1,0,0,0,0,0,0,0,0,0,0,1,0,0,0,acquired
SideTour,6/1/2011,0.0822,1.8164,3,4000000,2,web,0,1,0,0,0,0,0,0,0,0,0,1,1,0,0,0,acquired
SARcode Bioscience,1/1/2006,0.9151,5.5452,2,73000000,1,biotech,0,0,0,0,0,0,0,1,0,0,1,0,0,1,0,0,acquired
Lore,3/1/2011,0.3233,1.0986,4,12123837,3,education,0,0,0,0,0,0,0,0,0,1,0,1,1,0,0,0,acquired
Pelago,12/1/2005,0.9178,2.4877,3,22400000,3,mobile,0,0,1,0,0,0,0,0,0,0,1,0,1,1,0,0,acquired
Desk,1/1/2009,1.2849,2.0082,2,5700000,3,enterprise,0,0,0,1,0,0,0,0,0,0,0,0,1,1,0,0,acquired
Trinity Biosystems,1/1/2002,4.5452,7.8603,2,28500000,0,biotech,0,0,0,0,0,0,0,1,0,0,1,0,0,1,0,0,closed
Virtual Computer,1/1/2007,0.9151,2.0712,2,21000000,1,software,1,0,0,0,0,0,0,0,0,0,0,0,1,1,0,0,acquired
Oasys Mobile,1/1/1984,21.8959,21.8959,1,8000000,1,software,1,0,0,0,0,0,0,0,0,0,1,0,0,0,0,0,closed
Gamook,1/1/2008,0.2055,0.2055,1,1500000,1,games_video,0,0,0,0,0,1,0,0,0,0,0,0,1,0,0,0,closed
Quattro Wireless,10/1/2006,0.5808,2.4603,3,28300000,4,advertising,0,0,0,0,1,0,0,0,0,0,0,0,1,1,1,0,acquired
ShopWell,1/1/2008,2.1452,4.9726,5,7939553,2,web,0,1,0,0,0,0,0,0,0,0,1,0,0,1,0,0,acquired
NewsBasis,1/1/2009,0.8329,0.8329,1,545000,0,public_relations,0,0,0,0,0,0,0,0,0,1,0,1,0,0,0,0,closed
Nexx Systems,1/1/2001,4.7452,8.9562,3,15247925,1,semiconductor,0,0,0,0,0,0,0,0,0,1,0,0,0,0,1,1,acquired
5min Media,1/1/2007,0.2466,2.5589,3,12800000,2,games_video,0,0,0,0,0,1,0,0,0,0,0,1,1,1,0,0,acquired
MyCabbage,3/1/2010,1.063,2.4822,2,950000,2,mobile,0,0,1,0,0,0,0,0,0,0,1,0,1,0,0,0,closed
Gotuit,1/1/2000,2.9178,4.9205,2,16000000,5,web,0,1,0,0,0,0,0,0,0,0,0,0,1,1,0,0,acquired
TeleCIS Wireless,1/1/2000,6.0055,6.0055,1,10000000,1,semiconductor,0,0,0,0,0,0,0,0,0,1,0,0,0,0,1,0,acquired
Snapette,1/1/2011,0.7781,0.7781,1,1500000,3,fashion,0,0,0,0,0,0,0,0,0,1,0,0,0,0,0,0,acquired
EmSense,1/1/2004,5.8438,6.9452,2,13000000,2,hardware,0,0,0,0,0,0,0,0,0,1,1,0,0,0,1,0,closed
MakerBot,1/1/2009,2.6411,2.6411,1,10000000,2,hardware,0,0,0,0,0,0,0,0,0,1,1,0,0,0,0,0,acquired
Image Space Media,1/1/2008,2.0521,2.9973,2,3915000,2,advertising,0,0,0,0,1,0,0,0,0,0,1,0,1,0,0,0,acquired
Wanderfly,8/1/2009,0.0,1.5041,2,1400000,2,travel,0,0,0,0,0,0,0,0,0,1,0,1,1,0,0,0,acquired
walkby,8/1/2012,0.0,0.6904,2,650000,2,ecommerce,0,0,0,0,0,0,1,0,0,0,1,1,0,0,0,0,closed
FameCast,1/1/2007,0.4137,3.2438,3,9700000,4,games_video,0,0,0,0,0,1,0,0,0,0,1,0,1,0,0,0,closed
Cassatt,1/1/2003,3.1644,3.1644,1,15000000,1,software,1,0,0,0,0,0,0,0,0,0,0,0,0,0,0,1,acquired
VirtuOz,1/1/2002,3.7753,10.2548,4,38764000,3,enterprise,0,0,0,1,0,0,0,0,0,0,1,0,1,1,0,0,acquired
SolFocus,11/1/2005,0.3288,6.4192,8,211403000,2,cleantech,0,0,0,0,0,0,0,0,0,1,1,0,1,1,1,0,closed
Nimbula,1/1/2008,2.4767,2.6438,2,20750000,3,enterprise,0,0,0,1,0,0,0,0,0,0,0,0,1,1,0,0,acquired
Giftiki,6/1/2009,1.2493,1.8849,2,1020000,2,social,0,0,0,0,0,0,0,0,0,1,0,1,1,0,0,0,acquired
Storspeed,1/1/2007,0.4301,0.4301,1,13000000,1,software,1,0,0,0,0,0,0,0,0,0,0,0,1,0,0,0,closed
SpaBooker,11/1/2007,0.1671,3.9178,2,14700000,2,software,1,0,0,0,0,0,0,0,0,0,0,1,1,0,0,0,acquired
Jajah,1/1/2005,1.1616,4.1644,4,33000000,4,mobile,0,0,1,0,0,0,0,0,0,0,0,0,1,1,1,1,acquired
Baxano,1/1/2005,5.4767,5.4767,1,30000000,0,medical,0,0,0,0,0,0,0,0,0,1,0,0,0,0,1,0,acquired
RipCode,8/6/2006,0.2384,3.7644,4,33000000,3,software,1,0,0,0,0,0,0,0,0,0,0,0,1,1,1,0,closed
VeteranCentral.com,12/15/2011,-0.5014,-0.5014,1,150000,0,social,0,0,0,0,0,0,0,0,0,1,0,1,0,0,0,0,closed
RippleFunction,3/1/2010,0.1671,0.1671,1,20000,1,advertising,0,0,0,0,1,0,0,0,0,0,0,1,0,0,0,0,closed
CV Ingenuity,1/1/2008,3.7589,5.0685,3,30926154,0,medical,0,0,0,0,0,0,0,0,0,1,0,0,0,1,0,0,closed
AdexLink,8/16/2010,0.8164,0.8164,1,2000000,0,advertising,0,0,0,0,1,0,0,0,0,0,0,0,0,0,0,0,closed
Certeon,1/1/2003,4.5397,9.337,2,19000000,1,software,1,0,0,0,0,0,0,0,0,0,1,0,0,1,0,0,closed
Applied Identity,1/1/2002,3.0356,6.7534,3,33000000,1,advertising,0,0,0,0,1,0,0,0,0,0,0,0,1,1,1,0,closed
Prenova,1/1/2002,4.3562,6.3151,3,15650000,1,cleantech,0,0,0,0,0,0,0,0,0,1,1,0,0,0,0,0,acquired
WooMe,12/1/2000,6.3342,7.5342,3,17400000,3,web,0,1,0,0,0,0,0,0,0,0,0,0,1,1,0,0,acquired
HelpMeRent.com,10/1/2010,0.8329,0.8329,1,154000,2,real_estate,0,0,0,0,0,0,0,0,0,1,0,1,0,0,0,0,closed
Mail.com Media Corporation,1/1/2004,4.8082,4.8082,1,35000000,2,web,0,1,0,0,0,0,0,0,0,0,0,0,0,0,0,1,closed
DubMeNow,1/1/2008,0.5836,4.4301,4,7516703,3,mobile,0,0,1,0,0,0,0,0,0,0,1,1,0,0,0,0,closed
Smooth-Stone,1/1/2008,2.6247,2.6247,1,48000000,3,cleantech,0,0,0,0,0,0,0,0,0,1,1,0,0,0,0,0,closed
ONStor,1/1/2000,5.4219,8.3014,3,65800000,1,network_hosting,0,0,0,0,0,0,0,0,0,1,1,0,0,0,0,1,acquired
Relationship Analytics,8/1/2012,0.6767,0.789,2,125000,1,analytics,0,0,0,0,0,0,0,0,0,1,0,1,0,0,0,0,closed
Summize,11/1/2006,0.5808,0.5808,1,750000,3,search,0,0,0,0,0,0,0,0,0,1,0,1,0,0,0,0,acquired
JouleX,1/1/2009,2.4384,2.4384,1,17000000,2,enterprise,0,0,0,1,0,0,0,0,0,0,1,0,0,0,0,0,acquired
Etelos,5/1/1999,10.4247,13.0877,3,4087500,3,enterprise,0,0,0,1,0,0,0,0,0,0,1,1,0,0,0,0,closed
Make It Work,1/1/1995,10.8795,10.8795,1,1000000,1,hardware,0,0,0,0,0,0,0,0,0,1,0,0,1,0,0,0,closed
MapMyFitness,2/8/2007,-0.1041,6.3644,5,23500000,3,health,0,0,0,0,0,0,0,0,0,1,1,0,1,1,1,0,acquired
What They Like,8/29/2007,0.0,0.0,1,990000,0,web,0,1,0,0,0,0,0,0,0,0,0,0,1,0,0,0,closed
FetchBack,4/1/2007,0.7534,0.7534,1,1000000,2,advertising,0,0,0,0,1,0,0,0,0,0,0,0,1,0,0,0,acquired
Sermo,1/1/2006,0.6658,5.1315,4,41000000,2,health,0,0,0,0,0,0,0,0,0,1,1,0,1,1,1,0,acquired
Wi-Chi,1/1/2008,0.3699,0.3699,1,7000000,0,semiconductor,0,0,0,0,0,0,0,0,0,1,0,0,1,0,0,0,closed
Alnara Pharmaceuticals,1/1/2008,0.8301,2.0767,2,55000000,1,biotech,0,0,0,0,0,0,0,1,0,0,0,0,1,1,0,0,acquired
Braintree,10/1/2007,3.7452,4.9671,2,69000000,2,software,1,0,0,0,0,0,0,0,0,0,0,0,1,1,0,0,acquired
Virident Systems,1/1/2006,1.3288,7.0795,8,129677153,3,enterprise,0,0,0,1,0,0,0,0,0,0,1,0,1,1,1,1,acquired
Pearl Therapeutics,1/1/2006,2.5041,7.2521,6,232000100,0,biotech,0,0,0,0,0,0,0,1,0,0,0,0,1,0,1,1,acquired
Lexity,8/1/2009,0.0849,1.5863,2,5700000,3,enterprise,0,0,0,1,0,0,0,0,0,0,0,1,1,0,0,0,acquired
Diligent Technologies,1/1/2002,5.6384,5.6384,1,10500000,1,security,0,0,0,0,0,0,0,0,0,1,0,0,0,0,0,1,acquired
eBillme,10/1/2004,1.9699,3.9205,2,23000000,0,ecommerce,0,0,0,0,0,0,1,0,0,0,1,0,0,0,0,0,closed
Smilebox,8/28/2000,5.4329,9.4959,3,14000000,0,photo_video,0,0,0,0,0,0,0,0,0,1,0,0,1,1,0,0,acquired
B-hive Networks,1/1/2005,1.6466,1.6466,2,7500000,0,software,1,0,0,0,0,0,0,0,0,0,0,1,1,0,0,0,acquired
Hot Potato,1/1/2009,0.8986,0.8986,1,1420000,3,social,0,0,0,0,0,0,0,0,0,1,0,0,1,0,0,0,acquired
Kashless,9/1/2008,0.1589,2.4274,2,9000000,2,ecommerce,0,0,0,0,0,0,1,0,0,0,1,0,1,0,0,0,closed
Three Screen Games,1/1/2009,0.7644,0.7644,1,500000,0,games_video,0,0,0,0,0,1,0,0,0,0,1,0,0,0,0,0,closed
LaunchGram,1/10/2012,0.0356,0.726,2,70000,2,news,0,0,0,0,0,0,0,0,0,1,0,1,0,0,0,0,acquired
BrightQube,10/1/2006,0.5808,1.6548,2,850000,0,ecommerce,0,0,0,0,0,0,1,0,0,0,0,1,1,0,0,0,closed
ServiceMesh,1/1/2008,3.8767,3.8767,1,15000000,2,enterprise,0,0,0,1,0,0,0,0,0,0,1,0,0,0,0,0,acquired
Lookery,8/1/2007,0.5205,1.0959,2,3150000,2,web,0,1,0,0,0,0,0,0,0,0,0,1,1,0,0,0,acquired
Wantful,1/1/2011,1.2164,1.2164,1,5500000,2,ecommerce,0,0,0,0,0,0,1,0,0,0,0,0,1,0,0,0,closed
Zep Solar,1/1/2009,4.8877,4.8877,1,10571182,1,cleantech,0,0,0,0,0,0,0,0,0,1,0,0,1,0,0,0,acquired
Help Me Rent Magazine,1/1/2010,0.5808,0.5808,1,500000,0,real_estate,0,0,0,0,0,0,0,0,0,1,0,1,0,0,0,0,closed
MOG,6/1/2005,0.9233,4.7425,7,24900000,3,music,0,0,0,0,0,0,0,0,0,1,1,1,1,0,0,0,acquired
Loud3r,9/1/2007,1.7616,2.326,2,3529175,3,web,0,1,0,0,0,0,0,0,0,0,1,0,1,0,0,0,closed
Oyster.com,3/1/2008,0.0,4.6164,4,23400000,3,travel,0,0,0,0,0,0,0,0,0,1,0,0,1,1,1,0,acquired
LogLogic,1/1/2002,7.4027,7.4027,1,8800000,3,security,0,0,0,0,0,0,0,0,0,1,0,0,0,0,0,1,acquired
StyleTrek,2/1/2010,0.0,0.0,1,1500000,1,fashion,0,0,0,0,0,0,0,0,0,1,0,0,0,0,0,0,closed
Sequoia Communications,1/1/2000,4.8603,9.4247,7,74000000,0,semiconductor,0,0,0,0,0,0,0,0,0,1,1,0,0,0,1,1,closed
SnapNames,1/1/2000,1.4164,2.0,3,8800000,2,network_hosting,0,0,0,0,0,0,0,0,0,1,0,0,1,1,0,0,acquired
Simple Star,1/1/2001,2.5808,4.6082,2,7100000,3,web,0,1,0,0,0,0,0,0,0,0,0,1,1,0,0,0,acquired
StyleFeeder,5/3/2006,1.3315,2.9973,3,3500000,6,ecommerce,0,0,0,0,0,0,1,0,0,0,1,1,1,0,0,0,acquired
FlashSoft,11/25/2009,1.589,1.589,1,3000000,2,software,1,0,0,0,0,0,0,0,0,0,0,0,1,0,0,0,acquired
TrustDegrees,3/1/2011,0.1288,0.274,2,11000,1,web,0,1,0,0,0,0,0,0,0,0,0,1,0,0,0,0,closed
Symwave,1/1/2001,6.5452,8.6,3,26200000,1,semiconductor,0,0,0,0,0,0,0,0,0,1,1,0,0,0,1,0,acquired
Clearwell Systems,12/6/2004,1.3259999999999998,2.7096,2,29000000,3,software,1,0,0,0,0,0,0,0,0,0,0,0,0,1,1,0,acquired
Impeva,1/1/2004,4.8438,4.8438,1,10000000,0,software,1,0,0,0,0,0,0,0,0,0,0,0,0,1,0,0,closed
Nettle,10/4/2010,0.8521,0.8521,1,500000,3,web,0,1,0,0,0,0,0,0,0,0,0,1,0,0,0,0,closed
CubeTree,1/1/2008,0.0849,1.8384,3,11500000,3,enterprise,0,0,0,1,0,0,0,0,0,0,0,1,1,1,0,0,acquired
Infochimps,7/14/2009,1.1699,3.8932,5,5350000,3,enterprise,0,0,0,1,0,0,0,0,0,0,0,1,1,0,0,0,acquired
Songbird,2/1/2006,0.6658,3.989,3,11015719,4,mobile,0,0,1,0,0,0,0,0,0,0,1,0,1,0,0,0,closed
SimpleGeo,5/1/2009,0.5288,1.0466,3,9807367,3,advertising,0,0,0,0,1,0,0,0,0,0,0,1,1,0,0,0,acquired
1000memories,7/1/2010,-0.4959,0.6301,2,2535000,2,web,0,1,0,0,0,0,0,0,0,0,0,1,1,0,0,0,acquired
SensorLogic,1/1/2002,5.4658,8.9534,3,19000000,2,enterprise,0,0,0,1,0,0,0,0,0,0,1,0,0,1,1,0,acquired
TouristEye,2/1/2010,0.0,2.7644,3,475000,1,travel,0,0,0,0,0,0,0,0,0,1,0,1,0,0,0,0,acquired
Oberon Media,1/1/2003,5.7671,7.862999999999999,2,36000000,1,games_video,0,0,0,0,0,1,0,0,0,0,1,0,0,1,0,0,acquired
Arroyo Video Solutions,1/1/2002,3.1671,3.1671,1,12000000,0,games_video,0,0,0,0,0,1,0,0,0,0,0,0,0,0,1,0,acquired
Aragon Pharmaceuticals,1/1/2009,0.4,3.7589,4,122000000,1,biotech,0,0,0,0,0,0,0,1,0,0,0,0,1,1,1,1,acquired
#waywire,6/1/2012,0.0795,0.0795,1,1750000,2,news,0,0,0,0,0,0,0,0,0,1,0,0,0,0,0,0,acquired
Feedtrace,8/10/2009,0.5562,0.5562,1,130000,2,web,0,1,0,0,0,0,0,0,0,0,0,1,0,0,0,0,acquired
Five Star Technologies,1/1/1999,7.9178,10.9041,3,13222860,0,other,0,0,0,0,0,0,0,0,0,1,1,0,0,0,0,0,closed
Vontoo,1/1/2005,4.1315,6.1507,2,2192000,3,public_relations,0,0,0,0,0,0,0,0,0,1,1,0,0,1,0,0,closed
Allurent,1/1/2005,5.1452,5.1452,1,2000000,1,web,0,1,0,0,0,0,0,0,0,0,1,0,0,0,0,0,acquired
Quantivo,1/1/2005,3.0219,4.9589,2,9400000,2,analytics,0,0,0,0,0,0,0,0,0,1,0,0,1,0,0,0,acquired
Crossing Automation,1/1/2003,5.3452,7.2274,4,13045000,0,semiconductor,0,0,0,0,0,0,0,0,0,1,0,0,1,1,0,0,acquired
Scrapblog,1/1/2006,0.1753,4.0986,4,10000000,3,web,0,1,0,0,0,0,0,0,0,0,0,0,1,1,1,0,acquired
Yield Software,1/1/2007,1.4247,1.4247,1,6000000,1,advertising,0,0,0,0,1,0,0,0,0,0,0,0,0,1,0,0,acquired
FlyCast,1/1/2006,2.0,3.5562,2,2100000,1,mobile,0,0,1,0,0,0,0,0,0,0,1,1,0,0,0,0,closed
Off & Away,12/1/2009,0.4192,0.8877,2,3250000,3,travel,0,0,0,0,0,0,0,0,0,1,1,0,1,0,0,0,acquired
CypherMax,1/1/2000,6.5726,7.1562,3,148000000,0,hardware,0,0,0,0,0,0,0,0,0,1,1,0,0,1,0,0,closed
Nexsan,1/1/2000,3.9178,9.3014,2,24500000,1,hardware,0,0,0,0,0,0,0,0,0,1,1,0,1,0,0,0,acquired
Tipping Bucket,4/8/2009,-0.0192,0.8959,2,72000,1,enterprise,0,0,0,1,0,0,0,0,0,0,0,1,0,0,0,0,closed
Qlusters,1/1/2001,6.6027,6.6027,1,10360000,1,other,0,0,0,0,0,0,0,0,0,1,0,0,0,0,1,0,closed
Producteev,7/8/2008,0.0192,1.5699,3,1310000,2,software,1,0,0,0,0,0,0,0,0,0,0,1,0,0,0,0,acquired
SpinTheCam,2/12/2010,-0.1151,-0.1151,1,150000,1,games_video,0,0,0,0,0,1,0,0,0,0,0,1,0,0,0,0,closed
Amalfi Semiconductor,1/1/2003,3.0877,9.3178,3,64000000,2,semiconductor,0,0,0,0,0,0,0,0,0,1,1,0,0,1,1,0,acquired
Dormzy,5/1/2010,0.0,0.0,1,250000,1,ecommerce,0,0,0,0,0,0,1,0,0,0,0,1,0,0,0,0,closed
iChange,1/1/2008,-0.2521,2.0877,3,1830000,1,health,0,0,0,0,0,0,0,0,0,1,0,1,1,0,0,0,acquired
AppFog,8/1/2010,0.4192,1.0247,2,9800000,4,enterprise,0,0,0,1,0,0,0,0,0,0,0,0,1,1,0,0,acquired
HotPads,5/4/2005,1.8247,1.8247,1,2300000,3,web,0,1,0,0,0,0,0,0,0,0,0,0,1,0,0,0,acquired
Sampa,3/1/2005,2.4192,3.0904,2,1310000,4,web,0,1,0,0,0,0,0,0,0,0,0,1,0,0,0,0,closed
DanceJam,4/1/2007,0.0822,0.8384,2,4500000,5,games_video,0,0,0,0,0,1,0,0,0,0,0,1,0,1,0,0,closed
Right90,1/1/2003,2.1616,5.7315,3,22000000,1,software,1,0,0,0,0,0,0,0,0,0,0,0,1,1,1,0,acquired
SocialMedia.com,1/1/2007,0.6658,2.0795,3,10000000,3,advertising,0,0,0,0,1,0,0,0,0,0,0,1,1,1,0,0,acquired
BuyWithMe,3/1/2009,0.8904,2.2521,4,36500000,3,ecommerce,0,0,0,0,0,0,1,0,0,0,0,0,1,1,1,0,acquired
Photobucket,6/1/2003,1.7507,9.9589,7,33672656,3,web,0,1,0,0,0,0,0,0,0,0,1,0,1,1,0,0,acquired
XtremIO,1/1/2009,0.8603,2.926,3,19000000,1,enterprise,0,0,0,1,0,0,0,0,0,0,0,0,1,1,0,0,acquired
Level 5 Networks,1/1/2002,3.4685,3.4685,1,30000000,1,semiconductor,0,0,0,0,0,0,0,0,0,1,0,0,0,1,0,0,acquired
Votizen,3/19/2009,1.5151,2.937,2,2250000,2,web,0,1,0,0,0,0,0,0,0,0,1,0,0,0,0,0,acquired
Siimpel Corporation,1/1/2000,5.8658,9.9644,6,53818873,1,hardware,0,0,0,0,0,0,0,0,0,1,1,0,0,0,1,0,acquired
TalkPlus,2/1/2004,2.6658,2.6658,1,5500000,0,web,0,1,0,0,0,0,0,0,0,0,0,0,1,0,0,0,closed
Napera Networks,12/1/2006,1.9973,1.9973,1,6000000,2,network_hosting,0,0,0,0,0,0,0,0,0,1,0,0,1,0,0,0,acquired
NebuAd,1/1/2006,1.4959,1.6658,2,30150000,3,advertising,0,0,0,0,1,0,0,0,0,0,0,0,1,1,0,0,closed
Tercica,1/1/2002,3.7863,5.5123,2,83000000,0,biotech,0,0,0,0,0,0,0,1,0,0,1,0,0,0,0,0,acquired
Robotgalaxy,1/1/2006,1.0,2.7096,2,12000000,0,games_video,0,0,0,0,0,1,0,0,0,0,0,0,1,1,0,0,closed
PasswordBank,1/1/2008,0.1644,1.4986,2,3500000,2,software,1,0,0,0,0,0,0,0,0,0,0,1,1,0,0,0,acquired
SnapTell,1/1/2006,1.4301,1.4301,1,4000000,3,software,1,0,0,0,0,0,0,0,0,0,0,0,1,0,0,0,acquired
Gigi Hill,1/1/2009,2.4521,3.6027,2,4000000,0,manufacturing,0,0,0,0,0,0,0,0,0,1,0,0,1,0,0,0,closed
CloudShield Technologies,1/1/2000,5.8274,7.7151,2,25000000,1,software,1,0,0,0,0,0,0,0,0,0,1,0,0,0,0,0,acquired
Instinctiv,8/1/2007,0.8356,3.7616,3,1420698,1,mobile,0,0,1,0,0,0,0,0,0,0,1,1,0,0,0,0,acquired
Anchor Bay Technologies,10/1/2001,1.6219,5.3315,2,10000000,1,semiconductor,0,0,0,0,0,0,0,0,0,1,1,0,1,0,0,0,acquired
Waze,1/1/2007,1.1644,4.7973,3,67000000,5,transportation,0,0,0,0,0,0,0,0,0,1,0,0,1,1,1,0,acquired
Aster Data Systems,7/1/2005,0.337,5.2301,4,53000000,3,analytics,0,0,0,0,0,0,0,0,0,1,0,1,1,1,1,0,acquired
Diversion,5/1/2010,0.4658,1.2247,2,300000,2,games_video,0,0,0,0,0,1,0,0,0,0,0,1,0,1,0,0,closed
Codesion,1/1/2002,5.6685,8.5014,3,1400000,2,software,1,0,0,0,0,0,0,0,0,0,0,1,0,0,0,0,acquired
Xoopit,1/1/2004,2.9178,4.2548,2,6500000,3,web,0,1,0,0,0,0,0,0,0,0,0,0,1,0,0,0,acquired
One Block Off the Grid (1BOG),11/1/2008,1.2795,1.2795,1,5000000,3,cleantech,0,0,0,0,0,0,0,0,0,1,0,0,1,0,0,0,acquired
Appature,1/1/2007,2.9342,5.5342,2,9600000,2,enterprise,0,0,0,1,0,0,0,0,0,0,0,0,1,0,0,0,acquired
Action Engine,2/1/2000,0.2466,7.4164,5,58200000,3,mobile,0,0,1,0,0,0,0,0,0,0,0,0,1,1,1,1,acquired
Blackwave,1/1/2006,0.9151,3.7479,3,28000000,2,network_hosting,0,0,0,0,0,0,0,0,0,1,0,0,1,1,1,0,acquired
SoftLayer,1/1/2005,4.7479,5.2301,2,30000000,3,network_hosting,0,0,0,0,0,0,0,0,0,1,1,0,0,0,0,0,acquired
Mytopia,1/1/2007,1.0,2.1644,2,3500000,2,games_video,0,0,0,0,0,1,0,0,0,0,0,1,1,0,0,0,acquired
JackPot Rewards,1/1/2008,0.0849,0.0849,1,16700000,2,web,0,1,0,0,0,0,0,0,0,0,0,0,1,0,0,0,closed
Andigilog,1/1/1996,11.1452,11.1452,1,18000000,0,semiconductor,0,0,0,0,0,0,0,0,0,1,0,0,0,1,0,0,closed
BARRX Medical,1/1/2003,7.537000000000001,7.537000000000001,1,15000000,1,medical,0,0,0,0,0,0,0,0,0,1,0,0,0,0,0,1,acquired
Power Analog Microelectronics,1/1/2004,3.9178,3.9178,2,12000000,0,hardware,0,0,0,0,0,0,0,0,0,1,0,0,1,1,0,0,closed
Classiphix,9/19/2009,1.2849,1.2849,1,15000,1,ecommerce,0,0,0,0,0,0,1,0,0,0,0,1,0,0,0,0,closed
StartupDigest,11/16/2009,1.3096,1.3096,1,200000,3,news,0,0,0,0,0,0,0,0,0,1,1,0,0,0,0,0,acquired
WiLinx,1/1/2003,4.0274,4.0274,1,15000000,0,semiconductor,0,0,0,0,0,0,0,0,0,1,0,0,0,0,1,0,closed
Cohuman,10/9/2009,-0.0822,1.2301,2,1400000,2,enterprise,0,0,0,1,0,0,0,0,0,0,0,1,0,0,0,0,acquired
Correlix,1/1/2006,-0.8658,6.1233,4,11400000,1,enterprise,0,0,0,1,0,0,0,0,0,0,1,0,0,1,0,0,closed
Redwood Systems,1/1/2008,0.7562,4.4137,4,34250000,2,cleantech,0,0,0,0,0,0,0,0,0,1,1,0,1,1,1,0,acquired
OtherInbox,1/1/2008,0.0,2.7205,4,3800000,4,messaging,0,0,0,0,0,0,0,0,0,1,0,1,1,0,0,0,acquired
M-Factor,1/1/2003,4.4521,6.1151,2,10100000,1,software,1,0,0,0,0,0,0,0,0,0,1,0,0,0,1,0,acquired
Athena Design Systems,1/1/2003,4.0795,4.0795,1,4000000,0,software,1,0,0,0,0,0,0,0,0,0,0,0,0,1,0,0,closed
Servo Software,1/1/2008,1.9562,1.9562,1,3011408,3,software,1,0,0,0,0,0,0,0,0,0,0,0,0,1,0,0,acquired
Levanta,1/1/1998,9.7315,9.7315,1,8000000,1,software,1,0,0,0,0,0,0,0,0,0,1,0,0,0,0,0,closed
EdgeSpring,7/1/2010,0.0,2.8795,2,12700000,1,analytics,0,0,0,0,0,0,0,0,0,1,0,0,1,0,0,0,acquired
DotSpots,9/1/2007,0.0,0.0,1,300000,4,public_relations,0,0,0,0,0,0,0,0,0,1,0,1,0,0,0,0,closed
about.me,2/5/2013,0.0,0.0,1,5675000,2,web,0,1,0,0,0,0,0,0,0,0,1,0,0,0,0,0,acquired
Republic Project,8/1/2008,4.0877,4.0877,1,1000000,2,advertising,0,0,0,0,1,0,0,0,0,0,0,1,0,0,0,0,acquired
Hit Systems,9/1/2008,0.0,0.0,1,125000,0,enterprise,0,0,0,1,0,0,0,0,0,0,0,1,0,0,0,0,closed
Yamisee,1/1/2010,0.2247,0.9534,2,700000,2,web,0,1,0,0,0,0,0,0,0,0,0,1,0,0,0,0,closed
Thinkfuse,8/1/2010,0.2521,0.6438,2,532000,2,enterprise,0,0,0,1,0,0,0,0,0,0,0,1,0,0,0,0,acquired
EchoSign,7/15/2005,0.2137,2.2137,2,8500000,3,web,0,1,0,0,0,0,0,0,0,0,0,0,1,1,0,0,acquired
PI Corporation,1/1/2003,3.5699,3.5699,1,9400000,3,network_hosting,0,0,0,0,0,0,0,0,0,1,0,0,0,1,0,0,acquired
"MoveableCode, Inc.",1/1/2010,-1.0,2.2493,2,350000,1,mobile,0,0,1,0,0,0,0,0,0,0,0,1,0,0,0,0,closed
Daylife,4/1/2006,1.1671,3.2110000000000003,2,12300000,3,enterprise,0,0,0,1,0,0,0,0,0,0,0,0,0,1,1,0,acquired
Desktone,1/1/2006,1.5753,5.9589,5,25413298,1,network_hosting,0,0,0,0,0,0,0,0,0,1,1,0,1,1,0,0,acquired
Pulse,5/1/2010,0.4329,1.126,2,9800000,2,news,0,0,0,0,0,0,0,0,0,1,0,1,1,0,0,0,acquired
Opzi,5/1/2010,-0.3288,0.337,2,1015000,2,games_video,0,0,0,0,0,1,0,0,0,0,0,1,0,0,0,0,closed
Standing Cloud,1/1/2009,0.0,3.4712,5,10000003,2,enterprise,0,0,0,1,0,0,0,0,0,0,1,0,1,1,0,0,acquired
Where I've Been,6/8/2007,0.7699,2.8548,2,1750000,2,travel,0,0,0,0,0,0,0,0,0,1,1,1,0,0,0,0,acquired
HipChat,9/1/2009,0.9397,0.9397,1,100000,2,messaging,0,0,0,0,0,0,0,0,0,1,0,1,0,0,0,0,acquired
ScaleIO,1/1/2011,1.926,1.926,1,12000000,2,software,1,0,0,0,0,0,0,0,0,0,1,0,0,0,0,0,acquired
GroupMe,5/1/2010,0.3178,0.6795,2,11450000,3,messaging,0,0,0,0,0,0,0,0,0,1,0,1,0,1,0,0,acquired
WeAre.Us,12/1/2007,0.6685,0.6685,1,50000,2,advertising,0,0,0,0,1,0,0,0,0,0,0,1,0,0,0,0,closed
Kickfire,1/1/2006,2.5808,2.5808,1,20000000,2,software,1,0,0,0,0,0,0,0,0,0,0,0,0,1,0,0,closed
"LifeSize, a Division of Logitech",1/1/2003,2.9671,3.7151,2,42500000,3,public_relations,0,0,0,0,0,0,0,0,0,1,0,0,0,0,1,1,acquired
CHiL Semiconductor,1/1/2006,0.0,2.3479,3,22487000,2,semiconductor,0,0,0,0,0,0,0,0,0,1,1,0,0,1,1,0,acquired
Aptana,1/1/2007,2.5342,2.5342,1,7800000,2,software,1,0,0,0,0,0,0,0,0,0,1,0,0,0,0,0,acquired
Enpirion,1/1/2001,3.9726,10.2493,4,59000000,1,semiconductor,0,0,0,0,0,0,0,0,0,1,0,0,0,1,1,0,acquired
RFinity,10/1/2008,2.337,2.337,1,4000000,4,mobile,0,0,1,0,0,0,0,0,0,0,0,0,1,0,0,0,closed
ecoATM,8/2/2008,1.5452,4.5178,4,71400000,3,cleantech,0,0,0,0,0,0,0,0,0,1,1,0,1,0,0,0,acquired
Adura Technologies,1/1/2008,0.7918,4.3205,3,25500000,1,cleantech,0,0,0,0,0,0,0,0,0,1,0,0,1,1,0,0,acquired
Rhythm NewMedia,1/1/2005,5.8603,7.6986,4,28932322,3,advertising,0,0,0,0,1,0,0,0,0,0,1,0,0,0,1,0,acquired
Topsy Labs,1/15/2007,0.9616,5.7151,6,35200000,3,analytics,0,0,0,0,0,0,0,0,0,1,1,0,1,1,1,0,acquired
Digit Wireless,1/1/2000,5.2027,8.1178,2,10000000,1,public_relations,0,0,0,0,0,0,0,0,0,1,1,0,0,0,1,0,closed
Silver Tail Systems,1/8/2008,0.7178,3.7068,3,22100000,4,analytics,0,0,0,0,0,0,0,0,0,1,1,0,1,1,0,0,acquired
Tatara Systems,1/1/2001,3.0521,9.4767,5,33000000,1,mobile,0,0,1,0,0,0,0,0,0,0,1,0,0,1,1,1,acquired
Reliant Technologies,1/1/2001,6.2986,6.2986,1,15000000,1,biotech,0,0,0,0,0,0,0,1,0,0,0,0,0,0,0,0,acquired
Atrua Technologies,1/1/2000,6.937,9.1589,3,13000000,1,mobile,0,0,1,0,0,0,0,0,0,0,0,0,0,0,0,1,acquired
Casabi,1/1/2004,1.9671,3.1945,2,12800000,1,mobile,0,0,1,0,0,0,0,0,0,0,0,0,1,1,0,0,acquired
Peek & Co,11/1/2007,0.1671,3.7808,2,626096,3,mobile,0,0,1,0,0,0,0,0,0,0,1,0,1,0,0,0,closed
Bluefin Labs,6/1/2008,-0.1671,3.6493,4,20350000,3,analytics,0,0,0,0,0,0,0,0,0,1,0,1,1,1,0,0,acquired
C2 Microsystems,1/1/2004,5.7836,5.7836,1,10000000,1,hardware,0,0,0,0,0,0,0,0,0,1,1,0,0,0,0,0,closed
GoPollGo,1/1/2011,0.5671,0.5671,1,425000,3,web,0,1,0,0,0,0,0,0,0,0,0,1,0,0,0,0,acquired
Multigig,1/1/2003,5.3644,7.9781,3,37891054,1,semiconductor,0,0,0,0,0,0,0,0,0,1,1,0,0,1,1,0,acquired
Ortiva Wireless,1/1/2004,1.0877,7.7616,5,40000000,1,mobile,0,0,1,0,0,0,0,0,0,0,1,0,1,1,1,0,acquired
Sometrics,9/1/2007,0.7014,2.126,3,5550000,4,games_video,0,0,0,0,0,1,0,0,0,0,0,0,1,1,0,0,acquired
Kima Labs,1/1/2010,0.5808,0.5808,1,770000,3,mobile,0,0,1,0,0,0,0,0,0,0,0,1,0,0,0,0,acquired
Chronicity,9/1/2006,0.1068,4.7342,4,19550000,0,consulting,0,0,0,0,0,0,0,0,1,0,1,0,1,0,0,0,closed
Whiskey Media,10/1/2007,1.4795,2.2521,2,4000000,1,web,0,1,0,0,0,0,0,0,0,0,1,0,0,0,0,0,acquired
Jobfox,3/1/2004,1.0849,5.8192,4,42000000,4,web,0,1,0,0,0,0,0,0,0,0,0,0,1,1,1,0,acquired
Natural Cleaners Colorado,1/1/2005,3.6548,3.6548,1,1900000,0,other,0,0,0,0,0,0,0,0,0,1,0,0,1,0,0,0,closed
Gaikai,11/1/2008,1.1781,2.7151,3,45039999,3,games_video,0,0,0,0,0,1,0,0,0,0,0,0,1,1,1,0,acquired
Blue Buzz Network,1/1/2006,4.5315,4.5315,1,1310000,1,news,0,0,0,0,0,0,0,0,0,1,1,0,0,0,0,0,closed
Max-Viz,1/1/2001,7.0027,7.0027,1,3000000,1,hardware,0,0,0,0,0,0,0,0,0,1,0,0,1,0,0,0,acquired
Cotendo,1/1/2008,0.0,3.4548,4,36000000,3,software,1,0,0,0,0,0,0,0,0,0,0,0,1,1,1,1,acquired
Particle Code,5/1/2010,0.1644,0.1644,1,3000000,1,software,1,0,0,0,0,0,0,0,0,0,1,0,0,0,0,0,acquired
Flowgram,6/1/2007,0.6685,0.6685,1,1300000,3,web,0,1,0,0,0,0,0,0,0,0,0,1,0,0,0,0,closed
JavaJobs,1/1/1997,9.7534,9.7534,1,50000,1,software,1,0,0,0,0,0,0,0,0,0,1,0,0,0,0,0,closed
Behance,2/1/2006,6.2849,6.2849,1,6500000,3,web,0,1,0,0,0,0,0,0,0,0,0,0,1,0,0,0,acquired
Locu,1/1/2011,0.6822,1.3096,2,4600000,2,advertising,0,0,0,0,1,0,0,0,0,0,0,1,1,0,0,0,acquired
dynaTrace software,1/1/2005,2.1233,6.0192,3,21900000,2,software,1,0,0,0,0,0,0,0,0,0,1,0,1,1,0,0,acquired
Socialbomb,6/5/2008,0.4904,0.4904,1,240000,1,games_video,0,0,0,0,0,1,0,0,0,0,0,1,0,0,0,0,acquired
Imagine Communications,1/1/2005,0.0,5.3014,4,34700000,1,software,1,0,0,0,0,0,0,0,0,0,1,0,1,1,0,0,acquired
Univa UD,5/10/2004,1.2274,5.8712,4,33000000,2,software,1,0,0,0,0,0,0,0,0,0,1,0,1,1,1,0,acquired
Tutorspree,9/1/2010,1.3014,2.4685,2,1800000,2,education,0,0,0,0,0,0,0,0,0,1,1,1,0,0,0,0,closed
OneRiot,1/1/2006,0.0,3.6548,3,27300000,4,advertising,0,0,0,0,1,0,0,0,0,0,0,0,1,1,1,0,acquired
Moonshoot,1/1/2007,3.1342,5.2521,2,6760000,2,web,0,1,0,0,0,0,0,0,0,0,1,0,0,0,0,0,closed
ArcSight,1/1/2000,0.0,6.4986,3,26914000,3,software,1,0,0,0,0,0,0,0,0,0,0,0,1,1,1,0,acquired
AGEIA Technologies,1/1/2002,3.7562,3.7562,1,27500000,0,semiconductor,0,0,0,0,0,0,0,0,0,1,0,0,0,0,1,0,acquired
U.S. Fiduciary,1/1/2003,4.2795,4.2795,1,9000000,0,other,0,0,0,0,0,0,0,0,0,1,0,0,0,0,0,1,closed
Broadway Networks,1/1/2006,4.0356,4.0356,1,954000,1,public_relations,0,0,0,0,0,0,0,0,0,1,1,0,0,0,0,0,closed
Xelerated,1/1/2000,5.3041,8.6247,3,53000000,0,semiconductor,0,0,0,0,0,0,0,0,0,1,0,0,0,0,1,1,acquired
Oodle,1/1/2004,2.3315,6.6767,4,23100000,3,social,0,0,0,0,0,0,0,0,0,1,1,0,1,1,1,0,acquired
The Climate Corporation,1/1/2006,1.0,6.4548,4,108900000,2,cleantech,0,0,0,0,0,0,0,0,0,1,0,0,1,1,1,0,acquired
Kosmix,1/1/2005,0.8329,3.937,4,55000000,5,web,0,1,0,0,0,0,0,0,0,0,0,0,1,1,1,1,acquired
Xtify Inc.,4/1/2009,1.0822,2.8548,2,5686383,3,mobile,0,0,1,0,0,0,0,0,0,0,0,0,1,0,0,0,acquired
Limerick BioPharma,1/1/2004,4.4466,8.0849,6,49008830,1,biotech,0,0,0,0,0,0,0,1,0,0,1,0,1,0,1,0,closed
iSkoot,4/22/2005,1.6055,3.5479,3,32200000,0,mobile,0,0,1,0,0,0,0,0,0,0,0,0,1,1,1,0,acquired
Rudder,10/1/2006,1.2904,1.2904,1,2000000,1,web,0,1,0,0,0,0,0,0,0,0,0,0,1,0,0,0,closed
Panvidea,1/1/2007,3.2137,3.2137,1,2700000,2,games_video,0,0,0,0,0,1,0,0,0,0,0,0,1,0,0,0,acquired
Sway,12/3/2004,5.1315,5.1315,1,2000000,2,advertising,0,0,0,0,1,0,0,0,0,0,0,0,1,0,0,0,closed
TRAFFIQ,9/6/2006,0.0,3.9288,3,18000000,3,advertising,0,0,0,0,1,0,0,0,0,0,1,0,1,1,0,0,acquired
Dexterra,1/1/2000,5.6301,8.7589,5,122500000,2,mobile,0,0,1,0,0,0,0,0,0,0,1,0,0,0,1,1,acquired
CoTweet,1/1/2009,0.5178,0.5178,1,1100000,2,advertising,0,0,0,0,1,0,0,0,0,0,0,0,1,0,0,0,acquired
Reef Point Systems,1/1/1998,7.2521,9.2274,3,52000000,1,security,0,0,0,0,0,0,0,0,0,1,1,0,0,1,0,0,closed
Paracor Medical,1/1/1999,8.4959,8.4959,1,44000000,1,biotech,0,0,0,0,0,0,0,1,0,0,0,0,0,0,0,1,closed
Causata,1/1/2009,0.7589,2.8329,2,15500000,2,software,1,0,0,0,0,0,0,0,0,0,0,0,1,1,0,0,acquired
Asempra Technologies,1/1/2003,3.1205,3.1205,1,20000000,1,security,0,0,0,0,0,0,0,0,0,1,0,0,0,1,0,0,acquired
